main,phase,context,batch,method,indexer,dim,status,dense_backend,dense_fa2_ms,dense_sgl_fa3_ms,dense_ms,sparse_ms,speedup
48q4kv,prefill,16384,1,block,identical,64,ok,sgl_fa3,2.641024112701416,1.4944640398025513,1.4944640398025513,4.2952961921691895,0.3479303808028718
48q4kv,prefill,16384,1,block,identical,128,ok,sgl_fa3,2.641024112701416,1.4944640398025513,1.4944640398025513,5.02291202545166,0.2975294076881964
48q4kv,prefill,16384,1,block,reduced,64,ok,sgl_fa3,2.641024112701416,1.4944640398025513,1.4944640398025513,3.1663360595703125,0.47198528889108426
48q4kv,prefill,16384,1,block,reduced,128,ok,sgl_fa3,2.641024112701416,1.4944640398025513,1.4944640398025513,3.338912010192871,0.44759012374100393
48q4kv,prefill,16384,8,block,identical,64,ok,sgl_fa3,2.7381439208984375,1.5685440301895142,1.5685440301895142,4.3857598304748535,0.35764476187007377
48q4kv,prefill,16384,8,block,identical,128,ok,sgl_fa3,2.7381439208984375,1.5685440301895142,1.5685440301895142,5.0542402267456055,0.31034219978093325
48q4kv,prefill,16384,8,block,reduced,64,ok,sgl_fa3,2.7381439208984375,1.5685440301895142,1.5685440301895142,3.1744959354400635,0.49410806064619367
48q4kv,prefill,16384,8,block,reduced,128,ok,sgl_fa3,2.7381439208984375,1.5685440301895142,1.5685440301895142,3.3545920848846436,0.4675811515972896
48q4kv,prefill,16384,32,block,identical,64,ok,sgl_fa3,2.7760000228881836,1.6035200357437134,1.6035200357437134,4.420191764831543,0.36277159930069797
48q4kv,prefill,16384,32,block,identical,128,ok,sgl_fa3,2.7760000228881836,1.6035200357437134,1.6035200357437134,5.146048069000244,0.31160222645476365
48q4kv,prefill,16384,32,block,reduced,64,ok,sgl_fa3,2.7760000228881836,1.6035200357437134,1.6035200357437134,3.2153921127319336,0.49870124063385063
48q4kv,prefill,16384,32,block,reduced,128,ok,sgl_fa3,2.7760000228881836,1.6035200357437134,1.6035200357437134,3.3930881023406982,0.4725842617047097
48q4kv,prefill,65536,1,block,identical,64,ok,sgl_fa3,9.636832237243652,4.829696178436279,4.829696178436279,8.323967933654785,0.5802156155490757
48q4kv,prefill,65536,1,block,identical,128,ok,sgl_fa3,9.636832237243652,4.829696178436279,4.829696178436279,10.603232383728027,0.4554928161197378
48q4kv,prefill,65536,1,block,reduced,64,ok,sgl_fa3,9.636832237243652,4.829696178436279,4.829696178436279,3.7555201053619385,1.2860259146371464
48q4kv,prefill,65536,1,block,reduced,128,ok,sgl_fa3,9.636832237243652,4.829696178436279,4.829696178436279,4.421760082244873,1.0922564970970343
48q4kv,prefill,65536,8,block,identical,64,ok,sgl_fa3,9.853599548339844,5.643104076385498,5.643104076385498,8.523263931274414,0.6620825216592502
48q4kv,prefill,65536,8,block,identical,128,ok,sgl_fa3,9.853599548339844,5.643104076385498,5.643104076385498,10.722240447998047,0.5262989674363369
48q4kv,prefill,65536,8,block,reduced,64,ok,sgl_fa3,9.853599548339844,5.643104076385498,5.643104076385498,3.7911040782928467,1.488512042889262
48q4kv,prefill,65536,8,block,reduced,128,ok,sgl_fa3,9.853599548339844,5.643104076385498,5.643104076385498,4.459263801574707,1.2654788609708938
48q4kv,prefill,65536,32,block,identical,64,ok,sgl_fa3,10.266528129577637,5.7570881843566895,5.7570881843566895,8.673791885375977,0.6637337234322104
48q4kv,prefill,65536,32,block,identical,128,ok,sgl_fa3,10.266528129577637,5.7570881843566895,5.7570881843566895,11.242176055908203,0.5120973160112641
48q4kv,prefill,65536,32,block,reduced,64,ok,sgl_fa3,10.266528129577637,5.7570881843566895,5.7570881843566895,3.8771519660949707,1.4848755567750345
48q4kv,prefill,65536,32,block,reduced,128,ok,sgl_fa3,10.266528129577637,5.7570881843566895,5.7570881843566895,4.553088188171387,1.2644359051320844
48q4kv,prefill,131072,1,block,identical,64,ok,sgl_fa3,19.034303665161133,10.526559829711914,10.526559829711914,13.580191612243652,0.7751407439804723
48q4kv,prefill,131072,1,block,identical,128,ok,sgl_fa3,19.034303665161133,10.526559829711914,10.526559829711914,18.085695266723633,0.5820378854375602
48q4kv,prefill,131072,1,block,reduced,64,ok,sgl_fa3,19.034303665161133,10.526559829711914,10.526559829711914,4.537248134613037,2.3200317719916104
48q4kv,prefill,131072,1,block,reduced,128,ok,sgl_fa3,19.034303665161133,10.526559829711914,10.526559829711914,5.840191841125488,1.802433912459166
48q4kv,prefill,131072,8,block,identical,64,ok,sgl_fa3,19.400800704956055,10.799936294555664,10.799936294555664,13.992735862731934,0.7718244952597205
48q4kv,prefill,131072,8,block,identical,128,ok,sgl_fa3,19.400800704956055,10.799936294555664,10.799936294555664,18.36569595336914,0.5880493895780978
48q4kv,prefill,131072,8,block,reduced,64,ok,sgl_fa3,19.400800704956055,10.799936294555664,10.799936294555664,4.621280193328857,2.3370009700225776
48q4kv,prefill,131072,8,block,reduced,128,ok,sgl_fa3,19.400800704956055,10.799936294555664,10.799936294555664,5.934144020080566,1.819965315639413
48q4kv,prefill,131072,32,block,identical,64,ok,sgl_fa3,19.71228790283203,11.414624214172363,11.414624214172363,14.319295883178711,0.7971498254730144
48q4kv,prefill,131072,32,block,identical,128,ok,sgl_fa3,19.71228790283203,11.414624214172363,11.414624214172363,19.35977554321289,0.5896051939597037
48q4kv,prefill,131072,32,block,reduced,64,ok,sgl_fa3,19.71228790283203,11.414624214172363,11.414624214172363,4.6910400390625,2.43328219736397
48q4kv,prefill,131072,32,block,reduced,128,ok,sgl_fa3,19.71228790283203,11.414624214172363,11.414624214172363,6.072319984436035,1.8797797618421277
48q4kv,prefill,524288,1,block,identical,64,ok,sgl_fa3,75.75308990478516,43.332000732421875,43.332000732421875,45.49692916870117,0.9524159437606918
48q4kv,prefill,524288,1,block,identical,128,ok,sgl_fa3,75.75308990478516,43.332000732421875,43.332000732421875,63.167999267578125,0.6859802627097396
48q4kv,prefill,524288,1,block,reduced,64,ok,sgl_fa3,75.75308990478516,43.332000732421875,43.332000732421875,9.288928031921387,4.664908650762663
48q4kv,prefill,524288,1,block,reduced,128,ok,sgl_fa3,75.75308990478516,43.332000732421875,43.332000732421875,14.446175575256348,2.9995482546011454
48q4kv,prefill,524288,8,block,identical,64,ok,sgl_fa3,76.6072998046875,43.19375991821289,43.19375991821289,46.50559997558594,0.9287862094218403
48q4kv,prefill,524288,8,block,identical,128,ok,sgl_fa3,76.6072998046875,43.19375991821289,43.19375991821289,64.13062286376953,0.6735278403574515
48q4kv,prefill,524288,8,block,reduced,64,ok,sgl_fa3,76.6072998046875,43.19375991821289,43.19375991821289,9.520895957946777,4.5367326887088275
48q4kv,prefill,524288,8,block,reduced,128,ok,sgl_fa3,76.6072998046875,43.19375991821289,43.19375991821289,14.75603199005127,2.9271934316308577
48q4kv,prefill,524288,32,block,identical,64,ok,sgl_fa3,78.78387451171875,45.010719299316406,45.010719299316406,47.702110290527344,0.9435792048859232
48q4kv,prefill,524288,32,block,identical,128,ok,sgl_fa3,78.78387451171875,45.010719299316406,45.010719299316406,67.4051513671875,0.6677637893596869
48q4kv,prefill,524288,32,block,reduced,64,ok,sgl_fa3,78.78387451171875,45.010719299316406,45.010719299316406,9.650272369384766,4.664191597546171
48q4kv,prefill,524288,32,block,reduced,128,ok,sgl_fa3,78.78387451171875,45.010719299316406,45.010719299316406,15.01916790008545,2.996885020445129
48q4kv,prefill,1048576,1,block,identical,64,ok,sgl_fa3,153.62889099121094,83.63353729248047,83.63353729248047,87.0868148803711,0.9603467230644007
48q4kv,prefill,1048576,1,block,identical,128,ok,sgl_fa3,153.62889099121094,83.63353729248047,83.63353729248047,123.94976043701172,0.6747373855150048
48q4kv,prefill,1048576,1,block,reduced,64,ok,sgl_fa3,153.62889099121094,83.63353729248047,83.63353729248047,15.541024208068848,5.3814688255268415
48q4kv,prefill,1048576,1,block,reduced,128,ok,sgl_fa3,153.62889099121094,83.63353729248047,83.63353729248047,25.85196876525879,3.235093545558957
48q4kv,prefill,1048576,8,block,identical,64,ok,sgl_fa3,154.0010223388672,86.3216323852539,86.3216323852539,89.90185546875,0.9601763159967195
48q4kv,prefill,1048576,8,block,identical,128,ok,sgl_fa3,154.0010223388672,86.3216323852539,86.3216323852539,126.38761901855469,0.682991206382179
48q4kv,prefill,1048576,8,block,reduced,64,ok,sgl_fa3,154.0010223388672,86.3216323852539,86.3216323852539,15.878527641296387,5.4363751057592555
48q4kv,prefill,1048576,8,block,reduced,128,ok,sgl_fa3,154.0010223388672,86.3216323852539,86.3216323852539,26.278207778930664,3.284913229678656
48q4kv,prefill,1048576,32,block,identical,64,ok,sgl_fa3,160.3795166015625,90.08306884765625,90.08306884765625,91.22319793701172,0.987501763639741
48q4kv,prefill,1048576,32,block,identical,128,ok,sgl_fa3,160.3795166015625,90.08306884765625,90.08306884765625,131.8640899658203,0.6831508780821688
48q4kv,prefill,1048576,32,block,reduced,64,ok,sgl_fa3,160.3795166015625,90.08306884765625,90.08306884765625,16.105695724487305,5.593242936453394
48q4kv,prefill,1048576,32,block,reduced,128,ok,sgl_fa3,160.3795166015625,90.08306884765625,90.08306884765625,26.740320205688477,3.368810401473534
48q4kv,decode,16384,1,block,identical,64,ok,sgl_fa3,0.08691199868917465,0.08627200126647949,0.08627200126647949,0.16016000509262085,0.5386613294410688
48q4kv,decode,16384,1,block,identical,128,ok,sgl_fa3,0.08691199868917465,0.08627200126647949,0.08627200126647949,0.1746239960193634,0.49404436522523004
48q4kv,decode,16384,1,block,reduced,64,ok,sgl_fa3,0.08691199868917465,0.08627200126647949,0.08627200126647949,0.14627200365066528,0.5898052881843264
48q4kv,decode,16384,1,block,reduced,128,ok,sgl_fa3,0.08691199868917465,0.08627200126647949,0.08627200126647949,0.16128000617027283,0.5349206223082422
48q4kv,decode,16384,8,block,identical,64,ok,flashinfer_fa2,0.1351040005683899,0.13872000575065613,0.1351040005683899,0.22412799298763275,0.6027984223097239
48q4kv,decode,16384,8,block,identical,128,ok,flashinfer_fa2,0.1351040005683899,0.13872000575065613,0.1351040005683899,0.25142401456832886,0.5373551957650132
48q4kv,decode,16384,8,block,reduced,64,ok,flashinfer_fa2,0.1351040005683899,0.13872000575065613,0.1351040005683899,0.2120320051908493,0.637186826803733
48q4kv,decode,16384,8,block,reduced,128,ok,flashinfer_fa2,0.1351040005683899,0.13872000575065613,0.1351040005683899,0.2247679978609085,0.6010820128050226
48q4kv,decode,16384,32,block,identical,64,ok,sgl_fa3,0.3211840093135834,0.3192000091075897,0.3192000091075897,0.3010239899158478,1.0603806334399564
48q4kv,decode,16384,32,block,identical,128,ok,sgl_fa3,0.3211840093135834,0.3192000091075897,0.3192000091075897,0.3783999979496002,0.8435518256797256
48q4kv,decode,16384,32,block,reduced,64,ok,sgl_fa3,0.3211840093135834,0.3192000091075897,0.3192000091075897,0.2776319980621338,1.1497234156566962
48q4kv,decode,16384,32,block,reduced,128,ok,sgl_fa3,0.3211840093135834,0.3192000091075897,0.3192000091075897,0.33772799372673035,0.9451393282070293
48q4kv,decode,65536,1,block,identical,64,ok,flashinfer_fa2,0.11104000359773636,0.11404799669981003,0.11104000359773636,0.18009600043296814,0.6165600753530645
48q4kv,decode,65536,1,block,identical,128,ok,flashinfer_fa2,0.11104000359773636,0.11404799669981003,0.11104000359773636,0.20147199928760529,0.5511436030335141
48q4kv,decode,65536,1,block,reduced,64,ok,flashinfer_fa2,0.11104000359773636,0.11404799669981003,0.11104000359773636,0.16457599401474,0.6747035268569682
48q4kv,decode,65536,1,block,reduced,128,ok,flashinfer_fa2,0.11104000359773636,0.11404799669981003,0.11104000359773636,0.17215999960899353,0.6449814350019067
48q4kv,decode,65536,8,block,identical,64,ok,flashinfer_fa2,0.3170880079269409,0.3176000118255615,0.3170880079269409,0.27430400252342224,1.1559729534018208
48q4kv,decode,65536,8,block,identical,128,ok,flashinfer_fa2,0.3170880079269409,0.3176000118255615,0.3170880079269409,0.3510720133781433,0.9031993318857978
48q4kv,decode,65536,8,block,reduced,64,ok,flashinfer_fa2,0.3170880079269409,0.3176000118255615,0.3170880079269409,0.25062400102615356,1.2651941020359483
48q4kv,decode,65536,8,block,reduced,128,ok,flashinfer_fa2,0.3170880079269409,0.3176000118255615,0.3170880079269409,0.29840001463890076,1.0626273202789713
48q4kv,decode,65536,32,block,identical,64,ok,flashinfer_fa2,1.0306559801101685,1.0423040390014648,1.0306559801101685,0.5031999945640564,2.0482034802147995
48q4kv,decode,65536,32,block,identical,128,ok,flashinfer_fa2,1.0306559801101685,1.0423040390014648,1.0306559801101685,0.7820799946784973,1.3178395907363125
48q4kv,decode,65536,32,block,reduced,64,ok,flashinfer_fa2,1.0306559801101685,1.0423040390014648,1.0306559801101685,0.4429120123386383,2.3269993845237082
48q4kv,decode,65536,32,block,reduced,128,ok,flashinfer_fa2,1.0306559801101685,1.0423040390014648,1.0306559801101685,0.6238080263137817,1.6522005755529316
48q4kv,decode,131072,1,block,identical,64,ok,flashinfer_fa2,0.1377599984407425,0.14361600577831268,0.1377599984407425,0.18892799317836761,0.7291666847415395
48q4kv,decode,131072,1,block,identical,128,ok,flashinfer_fa2,0.1377599984407425,0.14361600577831268,0.1377599984407425,0.21884800493717194,0.6294779725329979
48q4kv,decode,131072,1,block,reduced,64,ok,flashinfer_fa2,0.1377599984407425,0.14361600577831268,0.1377599984407425,0.1711360067129135,0.8049737813027248
48q4kv,decode,131072,1,block,reduced,128,ok,flashinfer_fa2,0.1377599984407425,0.14361600577831268,0.1377599984407425,0.1847040057182312,0.7458419643096289
48q4kv,decode,131072,8,block,identical,64,ok,flashinfer_fa2,0.5533440113067627,0.5595200061798096,0.5533440113067627,0.3346239924430847,1.653629219073045
48q4kv,decode,131072,8,block,identical,128,ok,flashinfer_fa2,0.5533440113067627,0.5595200061798096,0.5533440113067627,0.4808320105075836,1.1508052692303758
48q4kv,decode,131072,8,block,reduced,64,ok,flashinfer_fa2,0.5533440113067627,0.5595200061798096,0.5533440113067627,0.3022080063819885,1.8310038106910387
48q4kv,decode,131072,8,block,reduced,128,ok,flashinfer_fa2,0.5533440113067627,0.5595200061798096,0.5533440113067627,0.3943679928779602,1.4031159254802879
48q4kv,decode,131072,32,block,identical,64,ok,flashinfer_fa2,1.971168041229248,1.9992320537567139,1.971168041229248,0.7370560169219971,2.6743802315880933
48q4kv,decode,131072,32,block,identical,128,ok,flashinfer_fa2,1.971168041229248,1.9992320537567139,1.971168041229248,1.2881280183792114,1.5302578727458103
48q4kv,decode,131072,32,block,reduced,64,ok,flashinfer_fa2,1.971168041229248,1.9992320537567139,1.971168041229248,0.6298879981040955,3.129394506900086
48q4kv,decode,131072,32,block,reduced,128,ok,flashinfer_fa2,1.971168041229248,1.9992320537567139,1.971168041229248,0.9870399832725525,1.997049840568563
48q4kv,decode,524288,1,block,identical,64,ok,sgl_fa3,0.35023999214172363,0.33660799264907837,0.33660799264907837,0.23686400055885315,1.4211023703681895
48q4kv,decode,524288,1,block,identical,128,ok,sgl_fa3,0.35023999214172363,0.33660799264907837,0.33660799264907837,0.3165760040283203,1.063277027841207
48q4kv,decode,524288,1,block,reduced,64,ok,sgl_fa3,0.35023999214172363,0.33660799264907837,0.33660799264907837,0.21564799547195435,1.5609140808955733
48q4kv,decode,524288,1,block,reduced,128,ok,sgl_fa3,0.35023999214172363,0.33660799264907837,0.33660799264907837,0.25990399718284607,1.2951243393623915
48q4kv,decode,524288,8,block,identical,64,ok,flashinfer_fa2,1.9674240350723267,1.9937920570373535,1.9674240350723267,0.7098559737205505,2.7715819939649387
48q4kv,decode,524288,8,block,identical,128,ok,flashinfer_fa2,1.9674240350723267,1.9937920570373535,1.9674240350723267,1.2615679502487183,1.559506988652057
48q4kv,decode,524288,8,block,reduced,64,ok,flashinfer_fa2,1.9674240350723267,1.9937920570373535,1.9674240350723267,0.6096320152282715,3.2272321432063267
48q4kv,decode,524288,8,block,reduced,128,ok,flashinfer_fa2,1.9674240350723267,1.9937920570373535,1.9674240350723267,0.969215989112854,2.029912895755213
48q4kv,decode,524288,32,block,identical,64,ok,flashinfer_fa2,7.664896011352539,7.816351890563965,7.664896011352539,2.2413759231567383,3.4197280037510853
48q4kv,decode,524288,32,block,identical,128,ok,flashinfer_fa2,7.664896011352539,7.816351890563965,7.664896011352539,4.423136234283447,1.7329097738257344
48q4kv,decode,524288,32,block,reduced,64,ok,flashinfer_fa2,7.664896011352539,7.816351890563965,7.664896011352539,1.8455679416656494,4.15313673276903
48q4kv,decode,524288,32,block,reduced,128,ok,flashinfer_fa2,7.664896011352539,7.816351890563965,7.664896011352539,3.2755520343780518,2.340031826973531
48q4kv,decode,1048576,1,block,identical,64,ok,flashinfer_fa2,0.6263039708137512,0.6675519943237305,0.6263039708137512,0.29785600304603577,2.1027072290262065
48q4kv,decode,1048576,1,block,identical,128,ok,flashinfer_fa2,0.6263039708137512,0.6675519943237305,0.6263039708137512,0.4418880045413971,1.4173364390457845
48q4kv,decode,1048576,1,block,reduced,64,ok,flashinfer_fa2,0.6263039708137512,0.6675519943237305,0.6263039708137512,0.2688960134983063,2.329167928767736
48q4kv,decode,1048576,1,block,reduced,128,ok,flashinfer_fa2,0.6263039708137512,0.6675519943237305,0.6263039708137512,0.35603201389312744,1.7591226248596654
48q4kv,decode,1048576,8,block,identical,64,ok,flashinfer_fa2,3.8519680500030518,3.8980159759521484,3.8519680500030518,1.2052799463272095,3.1959115073149316
48q4kv,decode,1048576,8,block,identical,128,ok,flashinfer_fa2,3.8519680500030518,3.8980159759521484,3.8519680500030518,2.2970879077911377,1.6768918755517175
48q4kv,decode,1048576,8,block,reduced,64,ok,flashinfer_fa2,3.8519680500030518,3.8980159759521484,3.8519680500030518,1.0075520277023315,3.823095923678759
48q4kv,decode,1048576,8,block,reduced,128,ok,flashinfer_fa2,3.8519680500030518,3.8980159759521484,3.8519680500030518,1.7255040407180786,2.232372662772805
48q4kv,decode,1048576,32,block,identical,64,ok,flashinfer_fa2,15.245599746704102,15.561792373657227,15.245599746704102,4.29417610168457,3.5502968172924665
48q4kv,decode,1048576,32,block,identical,128,ok,flashinfer_fa2,15.245599746704102,15.561792373657227,15.245599746704102,8.58460807800293,1.7759226289863128
48q4kv,decode,1048576,32,block,reduced,64,ok,flashinfer_fa2,15.245599746704102,15.561792373657227,15.245599746704102,3.421152114868164,4.4562764924855145
48q4kv,decode,1048576,32,block,reduced,128,ok,flashinfer_fa2,15.245599746704102,15.561792373657227,15.245599746704102,6.275392055511475,2.429425860861455
80q8kv,prefill,16384,1,block,identical,64,ok,sgl_fa3,4.363872051239014,2.4988479614257812,2.4988479614257812,8.315232276916504,0.300514510985184
80q8kv,prefill,16384,1,block,identical,128,ok,sgl_fa3,4.363872051239014,2.4988479614257812,2.4988479614257812,9.859456062316895,0.2534468378003575
80q8kv,prefill,16384,1,block,reduced,64,ok,sgl_fa3,4.363872051239014,2.4988479614257812,2.4988479614257812,5.9804158210754395,0.41783849755390773
80q8kv,prefill,16384,1,block,reduced,128,ok,sgl_fa3,4.363872051239014,2.4988479614257812,2.4988479614257812,6.32041597366333,0.39536131353352083
80q8kv,prefill,16384,8,block,identical,64,ok,sgl_fa3,4.63756799697876,2.6336960792541504,2.6336960792541504,8.354656219482422,0.3152369182004846
80q8kv,prefill,16384,8,block,identical,128,ok,sgl_fa3,4.63756799697876,2.6336960792541504,2.6336960792541504,9.948351860046387,0.26473692490022865
80q8kv,prefill,16384,8,block,reduced,64,ok,sgl_fa3,4.63756799697876,2.6336960792541504,2.6336960792541504,6.009535789489746,0.4382528320840187
80q8kv,prefill,16384,8,block,reduced,128,ok,sgl_fa3,4.63756799697876,2.6336960792541504,2.6336960792541504,6.354911804199219,0.41443471764845713
80q8kv,prefill,16384,32,block,identical,64,ok,sgl_fa3,4.742815971374512,2.717600107192993,2.717600107192993,8.418623924255371,0.3228081134926532
80q8kv,prefill,16384,32,block,identical,128,ok,sgl_fa3,4.742815971374512,2.717600107192993,2.717600107192993,10.259136199951172,0.26489560663069545
80q8kv,prefill,16384,32,block,reduced,64,ok,sgl_fa3,4.742815971374512,2.717600107192993,2.717600107192993,6.070591926574707,0.44766641211648395
80q8kv,prefill,16384,32,block,reduced,128,ok,sgl_fa3,4.742815971374512,2.717600107192993,2.717600107192993,6.43123197555542,0.4225629113554551
80q8kv,prefill,65536,1,block,identical,64,ok,sgl_fa3,16.27769660949707,9.192416191101074,9.192416191101074,16.153696060180664,0.5690596230642627
80q8kv,prefill,65536,1,block,identical,128,ok,sgl_fa3,16.27769660949707,9.192416191101074,9.192416191101074,21.59231948852539,0.42572620305966274
80q8kv,prefill,65536,1,block,reduced,64,ok,sgl_fa3,16.27769660949707,9.192416191101074,9.192416191101074,7.193312168121338,1.2779114789205426
80q8kv,prefill,65536,1,block,reduced,128,ok,sgl_fa3,16.27769660949707,9.192416191101074,9.192416191101074,8.494239807128906,1.0821940985685634
80q8kv,prefill,65536,8,block,identical,64,ok,sgl_fa3,16.511615753173828,9.607904434204102,9.607904434204102,16.530176162719727,0.5812342433393223
80q8kv,prefill,65536,8,block,identical,128,ok,sgl_fa3,16.511615753173828,9.607904434204102,9.607904434204102,22.194751739501953,0.43289082693833736
80q8kv,prefill,65536,8,block,reduced,64,ok,sgl_fa3,16.511615753173828,9.607904434204102,9.607904434204102,7.296800136566162,1.3167284637626835
80q8kv,prefill,65536,8,block,reduced,128,ok,sgl_fa3,16.511615753173828,9.607904434204102,9.607904434204102,8.61292839050293,1.1155212256029303
80q8kv,prefill,65536,32,block,identical,64,ok,sgl_fa3,17.047391891479492,9.945119857788086,9.945119857788086,16.975296020507812,0.5858584054012025
80q8kv,prefill,65536,32,block,identical,128,ok,sgl_fa3,17.047391891479492,9.945119857788086,9.945119857788086,23.652128219604492,0.4204746298282323
80q8kv,prefill,65536,32,block,reduced,64,ok,sgl_fa3,17.047391891479492,9.945119857788086,9.945119857788086,7.410592079162598,1.3420142077111727
80q8kv,prefill,65536,32,block,reduced,128,ok,sgl_fa3,17.047391891479492,9.945119857788086,9.945119857788086,8.760095596313477,1.1352752659426804
80q8kv,prefill,131072,1,block,identical,64,ok,sgl_fa3,31.881919860839844,18.4105281829834,18.4105281829834,26.731199264526367,0.6887281038458715
80q8kv,prefill,131072,1,block,identical,128,ok,sgl_fa3,31.881919860839844,18.4105281829834,18.4105281829834,37.590431213378906,0.4897663471450378
80q8kv,prefill,131072,1,block,reduced,64,ok,sgl_fa3,31.881919860839844,18.4105281829834,18.4105281829834,8.749216079711914,2.1042488853000876
80q8kv,prefill,131072,1,block,reduced,128,ok,sgl_fa3,31.881919860839844,18.4105281829834,18.4105281829834,11.347616195678711,1.6224137180454092
80q8kv,prefill,131072,8,block,identical,64,ok,sgl_fa3,32.41779327392578,19.093856811523438,19.093856811523438,27.495136260986328,0.6944448876442297
80q8kv,prefill,131072,8,block,identical,128,ok,sgl_fa3,32.41779327392578,19.093856811523438,19.093856811523438,38.832000732421875,0.4917041731404137
80q8kv,prefill,131072,8,block,reduced,64,ok,sgl_fa3,32.41779327392578,19.093856811523438,19.093856811523438,8.89798355102539,2.1458633523011055
80q8kv,prefill,131072,8,block,reduced,128,ok,sgl_fa3,32.41779327392578,19.093856811523438,19.093856811523438,11.572799682617188,1.6498908937483108
80q8kv,prefill,131072,32,block,identical,64,ok,sgl_fa3,33.35145568847656,19.61680030822754,19.61680030822754,28.329343795776367,0.6924551606151998
80q8kv,prefill,131072,32,block,identical,128,ok,sgl_fa3,33.35145568847656,19.61680030822754,19.61680030822754,41.422977447509766,0.47357291814876157
80q8kv,prefill,131072,32,block,reduced,64,ok,sgl_fa3,33.35145568847656,19.61680030822754,19.61680030822754,9.01916790008545,2.175012210166493
80q8kv,prefill,131072,32,block,reduced,128,ok,sgl_fa3,33.35145568847656,19.61680030822754,19.61680030822754,11.684096336364746,1.678931749918358
80q8kv,prefill,524288,1,block,identical,64,ok,sgl_fa3,127.23958587646484,70.9842529296875,70.9842529296875,90.3307876586914,0.7858256832420919
80q8kv,prefill,524288,1,block,identical,128,ok,sgl_fa3,127.23958587646484,70.9842529296875,70.9842529296875,134.31797790527344,0.5284791659069534
80q8kv,prefill,524288,1,block,reduced,64,ok,sgl_fa3,127.23958587646484,70.9842529296875,70.9842529296875,18.146175384521484,3.911802428088312
80q8kv,prefill,524288,1,block,reduced,128,ok,sgl_fa3,127.23958587646484,70.9842529296875,70.9842529296875,28.2523193359375,2.512510639768755
80q8kv,prefill,524288,8,block,identical,64,ok,sgl_fa3,128.38339233398438,72.09686279296875,72.09686279296875,92.96572875976562,0.7755208694085056
80q8kv,prefill,524288,8,block,identical,128,ok,sgl_fa3,128.38339233398438,72.09686279296875,72.09686279296875,138.16026306152344,0.5218350138843009
80q8kv,prefill,524288,8,block,reduced,64,ok,sgl_fa3,128.38339233398438,72.09686279296875,72.09686279296875,18.635072708129883,3.8688801445628496
80q8kv,prefill,524288,8,block,reduced,128,ok,sgl_fa3,128.38339233398438,72.09686279296875,72.09686279296875,29.025535583496094,2.4839115400841387
80q8kv,prefill,524288,32,block,identical,64,ok,sgl_fa3,133.1680908203125,75.70499420166016,75.70499420166016,94.57734680175781,0.8004558888752111
80q8kv,prefill,524288,32,block,identical,128,ok,sgl_fa3,133.1680908203125,75.70499420166016,75.70499420166016,147.0148162841797,0.5149480584006062
80q8kv,prefill,524288,32,block,reduced,64,ok,sgl_fa3,133.1680908203125,75.70499420166016,75.70499420166016,18.808448791503906,4.02505251979405
80q8kv,prefill,524288,32,block,reduced,128,ok,sgl_fa3,133.1680908203125,75.70499420166016,75.70499420166016,29.326175689697266,2.5814819839688976
80q8kv,prefill,1048576,1,block,identical,64,ok,sgl_fa3,254.85971069335938,140.02525329589844,140.02525329589844,174.553466796875,0.802191190272053
80q8kv,prefill,1048576,1,block,identical,128,ok,sgl_fa3,254.85971069335938,140.02525329589844,140.02525329589844,242.9936981201172,0.5762505545583361
80q8kv,prefill,1048576,1,block,reduced,64,ok,sgl_fa3,254.85971069335938,140.02525329589844,140.02525329589844,30.896255493164062,4.532110803099737
80q8kv,prefill,1048576,1,block,reduced,128,ok,sgl_fa3,254.85971069335938,140.02525329589844,140.02525329589844,51.14876937866211,2.737607473197844
80q8kv,prefill,1048576,8,block,identical,64,ok,sgl_fa3,258.1480712890625,143.33526611328125,143.33526611328125,180.16726684570312,0.7955677444784399
80q8kv,prefill,1048576,8,block,identical,128,ok,sgl_fa3,258.1480712890625,143.33526611328125,143.33526611328125,247.6855010986328,0.5786986540492032
80q8kv,prefill,1048576,8,block,reduced,64,ok,sgl_fa3,258.1480712890625,143.33526611328125,143.33526611328125,31.355104446411133,4.571353489134597
80q8kv,prefill,1048576,8,block,reduced,128,ok,sgl_fa3,258.1480712890625,143.33526611328125,143.33526611328125,51.94144058227539,2.759555077919677
80q8kv,prefill,1048576,32,block,identical,64,oom,sgl_fa3,273.417236328125,150.5745849609375,150.5745849609375,,
80q8kv,prefill,1048576,32,block,identical,128,oom,sgl_fa3,273.417236328125,150.5745849609375,150.5745849609375,,
80q8kv,prefill,1048576,32,block,reduced,64,ok,sgl_fa3,273.417236328125,150.5745849609375,150.5745849609375,31.989887237548828,4.7069432862582055
80q8kv,prefill,1048576,32,block,reduced,128,ok,sgl_fa3,273.417236328125,150.5745849609375,150.5745849609375,53.03993606567383,2.8388907704280917
80q8kv,decode,16384,1,block,identical,64,ok,flashinfer_fa2,0.12476799637079239,0.12595200538635254,0.12476799637079239,0.21411199867725372,0.5827230474778954
80q8kv,decode,16384,1,block,identical,128,ok,flashinfer_fa2,0.12476799637079239,0.12595200538635254,0.12476799637079239,0.24022400379180908,0.5193818869113637
80q8kv,decode,16384,1,block,reduced,64,ok,flashinfer_fa2,0.12476799637079239,0.12595200538635254,0.12476799637079239,0.1902720034122467,0.6557349170306881
80q8kv,decode,16384,1,block,reduced,128,ok,flashinfer_fa2,0.12476799637079239,0.12595200538635254,0.12476799637079239,0.19702400267124176,0.6332629257308451
80q8kv,decode,16384,8,block,identical,64,ok,sgl_fa3,0.2452159970998764,0.24489599466323853,0.24489599466323853,0.2910720109939575,0.8413587889366746
80q8kv,decode,16384,8,block,identical,128,ok,sgl_fa3,0.2452159970998764,0.24489599466323853,0.24489599466323853,0.347680002450943,0.7043718158561417
80q8kv,decode,16384,8,block,reduced,64,ok,sgl_fa3,0.2452159970998764,0.24489599466323853,0.24489599466323853,0.2618879973888397,0.9351172909983644
80q8kv,decode,16384,8,block,reduced,128,ok,sgl_fa3,0.2452159970998764,0.24489599466323853,0.24489599466323853,0.2871359884738922,0.8528920250117155
80q8kv,decode,16384,32,block,identical,64,ok,sgl_fa3,0.5933120250701904,0.5837759971618652,0.5837759971618652,0.4644159972667694,1.2570109569815984
80q8kv,decode,16384,32,block,identical,128,ok,sgl_fa3,0.5933120250701904,0.5837759971618652,0.5837759971618652,0.6260799765586853,0.9324303907156585
80q8kv,decode,16384,32,block,reduced,64,ok,sgl_fa3,0.5933120250701904,0.5837759971618652,0.5837759971618652,0.41974401473999023,1.390790521512223
80q8kv,decode,16384,32,block,reduced,128,ok,sgl_fa3,0.5933120250701904,0.5837759971618652,0.5837759971618652,0.5087040066719055,1.1475749935234505
80q8kv,decode,65536,1,block,identical,64,ok,flashinfer_fa2,0.16118399798870087,0.16633599996566772,0.16118399798870087,0.22284799814224243,0.7232912089513955
80q8kv,decode,65536,1,block,identical,128,ok,flashinfer_fa2,0.16118399798870087,0.16633599996566772,0.16118399798870087,0.26447999477386475,0.6094373910076494
80q8kv,decode,65536,1,block,reduced,64,ok,flashinfer_fa2,0.16118399798870087,0.16633599996566772,0.16118399798870087,0.20099200308322906,0.8019423435566039
80q8kv,decode,65536,1,block,reduced,128,ok,flashinfer_fa2,0.16118399798870087,0.16633599996566772,0.16118399798870087,0.21510399878025055,0.7493305512807591
80q8kv,decode,65536,8,block,identical,64,ok,sgl_fa3,0.5826560258865356,0.5824639797210693,0.5824639797210693,0.38553598523139954,1.5107901779167856
80q8kv,decode,65536,8,block,identical,128,ok,sgl_fa3,0.5826560258865356,0.5824639797210693,0.5824639797210693,0.5426239967346191,1.073420975161802
80q8kv,decode,65536,8,block,reduced,64,ok,sgl_fa3,0.5826560258865356,0.5824639797210693,0.5824639797210693,0.3375680148601532,1.7254714726523217
80q8kv,decode,65536,8,block,reduced,128,ok,sgl_fa3,0.5826560258865356,0.5824639797210693,0.5824639797210693,0.4235199987888336,1.3752927403352324
80q8kv,decode,65536,32,block,identical,64,ok,sgl_fa3,2.0482239723205566,2.02508807182312,2.02508807182312,0.8400319814682007,2.4107273490750774
80q8kv,decode,65536,32,block,identical,128,ok,sgl_fa3,2.0482239723205566,2.02508807182312,2.02508807182312,1.4039039611816406,1.4424690917736567
80q8kv,decode,65536,32,block,reduced,64,ok,sgl_fa3,2.0482239723205566,2.02508807182312,2.02508807182312,0.7174400091171265,2.822658405007508
80q8kv,decode,65536,32,block,reduced,128,ok,sgl_fa3,2.0482239723205566,2.02508807182312,2.02508807182312,1.058624029159546,1.9129436098582246
80q8kv,decode,131072,1,block,identical,64,ok,sgl_fa3,0.2439039945602417,0.23212799429893494,0.23212799429893494,0.24035200476646423,0.9657834746353787
80q8kv,decode,131072,1,block,identical,128,ok,sgl_fa3,0.2439039945602417,0.23212799429893494,0.23212799429893494,0.297760009765625,0.7795808257853336
80q8kv,decode,131072,1,block,reduced,64,ok,sgl_fa3,0.2439039945602417,0.23212799429893494,0.23212799429893494,0.21452799439430237,1.0820405744915687
80q8kv,decode,131072,1,block,reduced,128,ok,sgl_fa3,0.2439039945602417,0.23212799429893494,0.23212799429893494,0.238304004073143,0.9740834829937962
80q8kv,decode,131072,8,block,identical,64,ok,sgl_fa3,1.061792016029358,1.0592639446258545,1.0592639446258545,0.5095360279083252,2.0788793855739587
80q8kv,decode,131072,8,block,identical,128,ok,sgl_fa3,1.061792016029358,1.0592639446258545,1.0592639446258545,0.799839973449707,1.3243448437032384
80q8kv,decode,131072,8,block,reduced,64,ok,sgl_fa3,1.061792016029358,1.0592639446258545,1.0592639446258545,0.4379520118236542,2.4186758275524896
80q8kv,decode,131072,8,block,reduced,128,ok,sgl_fa3,1.061792016029358,1.0592639446258545,1.0592639446258545,0.6071360111236572,1.7446896992082899
80q8kv,decode,131072,32,block,identical,64,ok,sgl_fa3,3.9477760791778564,3.9423038959503174,3.9423038959503174,1.3364160060882568,2.949907721839997
80q8kv,decode,131072,32,block,identical,128,ok,sgl_fa3,3.9477760791778564,3.9423038959503174,3.9423038959503174,2.440704107284546,1.615232212779945
80q8kv,decode,131072,32,block,reduced,64,ok,sgl_fa3,3.9477760791778564,3.9423038959503174,3.9423038959503174,1.117184042930603,3.528786434873206
80q8kv,decode,131072,32,block,reduced,128,ok,sgl_fa3,3.9477760791778564,3.9423038959503174,3.9423038959503174,1.7911039590835571,2.2010469442362526
80q8kv,decode,524288,1,block,identical,64,ok,sgl_fa3,0.6493120193481445,0.6116799712181091,0.6116799712181091,0.3341760039329529,1.8304126089820412
80q8kv,decode,524288,1,block,identical,128,ok,sgl_fa3,0.6493120193481445,0.6116799712181091,0.6116799712181091,0.4912959933280945,1.2450335022569998
80q8kv,decode,524288,1,block,reduced,64,ok,sgl_fa3,0.6493120193481445,0.6116799712181091,0.6116799712181091,0.29449599981307983,2.07703999920661
80q8kv,decode,524288,1,block,reduced,128,ok,sgl_fa3,0.6493120193481445,0.6116799712181091,0.6116799712181091,0.3779520094394684,1.6184064535740321
80q8kv,decode,524288,8,block,identical,64,ok,flashinfer_fa2,3.9354240894317627,3.936768054962158,3.9354240894317627,1.2531839609146118,3.1403402949392762
80q8kv,decode,524288,8,block,identical,128,ok,flashinfer_fa2,3.9354240894317627,3.936768054962158,3.9354240894317627,2.3405120372772217,1.6814372354221871
80q8kv,decode,524288,8,block,reduced,64,ok,flashinfer_fa2,3.9354240894317627,3.936768054962158,3.9354240894317627,1.035871982574463,3.7991413568798476
80q8kv,decode,524288,8,block,reduced,128,ok,flashinfer_fa2,3.9354240894317627,3.936768054962158,3.9354240894317627,1.7071679830551147,2.305235412386896
80q8kv,decode,524288,32,block,identical,64,ok,flashinfer_fa2,15.501376152038574,15.528608322143555,15.501376152038574,4.36195182800293,3.5537705970347004
80q8kv,decode,524288,32,block,identical,128,ok,flashinfer_fa2,15.501376152038574,15.528608322143555,15.501376152038574,8.717023849487305,1.7782876839266988
80q8kv,decode,524288,32,block,reduced,64,ok,flashinfer_fa2,15.501376152038574,15.528608322143555,15.501376152038574,3.5233280658721924,4.399640300938381
80q8kv,decode,524288,32,block,reduced,128,ok,flashinfer_fa2,15.501376152038574,15.528608322143555,15.501376152038574,6.199264049530029,2.5005187758075484
80q8kv,decode,1048576,1,block,identical,64,ok,sgl_fa3,1.1881599426269531,1.1158720254898071,1.1158720254898071,0.46006399393081665,2.425471326186003
80q8kv,decode,1048576,1,block,identical,128,ok,sgl_fa3,1.1881599426269531,1.1158720254898071,1.1158720254898071,0.7487040162086487,1.4904047545256338
80q8kv,decode,1048576,1,block,reduced,64,ok,sgl_fa3,1.1881599426269531,1.1158720254898071,1.1158720254898071,0.3991360068321228,2.7957187685127707
80q8kv,decode,1048576,1,block,reduced,128,ok,sgl_fa3,1.1881599426269531,1.1158720254898071,1.1158720254898071,0.5622079968452454,1.9848028340958739
80q8kv,decode,1048576,8,block,identical,64,ok,flashinfer_fa2,7.772543907165527,7.8118720054626465,7.772543907165527,2.2455360889434814,3.4613311028203015
80q8kv,decode,1048576,8,block,identical,128,ok,flashinfer_fa2,7.772543907165527,7.8118720054626465,7.772543907165527,4.401311874389648,1.7659607246631175
80q8kv,decode,1048576,8,block,reduced,64,ok,flashinfer_fa2,7.772543907165527,7.8118720054626465,7.772543907165527,1.850816011428833,4.199522728985422
80q8kv,decode,1048576,8,block,reduced,128,ok,flashinfer_fa2,7.772543907165527,7.8118720054626465,7.772543907165527,3.1741440296173096,2.448705488673941
80q8kv,decode,1048576,32,block,identical,64,oom,flashinfer_fa2,31.1309757232666,31.815935134887695,31.1309757232666,,
80q8kv,decode,1048576,32,block,identical,128,oom,flashinfer_fa2,31.1309757232666,31.815935134887695,31.1309757232666,,
80q8kv,decode,1048576,32,block,reduced,64,ok,flashinfer_fa2,31.1309757232666,31.815935134887695,31.1309757232666,6.67190408706665,4.665980703111929
80q8kv,decode,1048576,32,block,reduced,128,ok,flashinfer_fa2,31.1309757232666,31.815935134887695,31.1309757232666,12.075712203979492,2.577982581682225
64q8kv,prefill,16384,1,block,identical,64,ok,sgl_fa3,3.5575039386749268,1.9998719692230225,1.9998719692230225,7.4015679359436035,0.2701957188707564
64q8kv,prefill,16384,1,block,identical,128,ok,sgl_fa3,3.5575039386749268,1.9998719692230225,1.9998719692230225,8.359071731567383,0.2392457001739394
64q8kv,prefill,16384,1,block,reduced,64,ok,sgl_fa3,3.5575039386749268,1.9998719692230225,1.9998719692230225,5.857471942901611,0.34142237277748655
64q8kv,prefill,16384,1,block,reduced,128,ok,sgl_fa3,3.5575039386749268,1.9998719692230225,1.9998719692230225,6.189631938934326,0.32310030530948536
64q8kv,prefill,16384,8,block,identical,64,ok,sgl_fa3,3.6846399307250977,2.117919921875,2.117919921875,7.5371198654174805,0.2809985723582079
64q8kv,prefill,16384,8,block,identical,128,ok,sgl_fa3,3.6846399307250977,2.117919921875,2.117919921875,8.41766357421875,0.25160424899394557
64q8kv,prefill,16384,8,block,reduced,64,ok,sgl_fa3,3.6846399307250977,2.117919921875,2.117919921875,5.879519939422607,0.3602198723188595
64q8kv,prefill,16384,8,block,reduced,128,ok,sgl_fa3,3.6846399307250977,2.117919921875,2.117919921875,6.2394561767578125,0.339439826465057
64q8kv,prefill,16384,32,block,identical,64,ok,sgl_fa3,3.690176010131836,2.2569921016693115,2.2569921016693115,7.630144119262695,0.2957994064583155
64q8kv,prefill,16384,32,block,identical,128,ok,sgl_fa3,3.690176010131836,2.2569921016693115,2.2569921016693115,8.736543655395508,0.2583392461245747
64q8kv,prefill,16384,32,block,reduced,64,ok,sgl_fa3,3.690176010131836,2.2569921016693115,2.2569921016693115,5.952735900878906,0.37915206373191734
64q8kv,prefill,16384,32,block,reduced,128,ok,sgl_fa3,3.690176010131836,2.2569921016693115,2.2569921016693115,6.30134391784668,0.35817630827561303
64q8kv,prefill,65536,1,block,identical,64,ok,sgl_fa3,13.158495903015137,7.29088020324707,7.29088020324707,13.416223526000977,0.543437591742353
64q8kv,prefill,65536,1,block,identical,128,ok,sgl_fa3,13.158495903015137,7.29088020324707,7.29088020324707,16.217119216918945,0.44957924436053126
64q8kv,prefill,65536,1,block,reduced,64,ok,sgl_fa3,13.158495903015137,7.29088020324707,7.29088020324707,7.042496204376221,1.0352693124231296
64q8kv,prefill,65536,1,block,reduced,128,ok,sgl_fa3,13.158495903015137,7.29088020324707,7.29088020324707,8.325056076049805,0.8757755066926294
64q8kv,prefill,65536,8,block,identical,64,ok,sgl_fa3,13.309247970581055,7.410719871520996,7.410719871520996,13.667200088500977,0.5422266319021752
64q8kv,prefill,65536,8,block,identical,128,ok,sgl_fa3,13.309247970581055,7.410719871520996,7.410719871520996,16.554912567138672,0.44764476051846974
64q8kv,prefill,65536,8,block,reduced,64,ok,sgl_fa3,13.309247970581055,7.410719871520996,7.410719871520996,7.14137601852417,1.0377159601032306
64q8kv,prefill,65536,8,block,reduced,128,ok,sgl_fa3,13.309247970581055,7.410719871520996,7.410719871520996,8.460127830505371,0.875958380297702
64q8kv,prefill,65536,32,block,identical,64,ok,sgl_fa3,13.614336013793945,7.994912147521973,7.994912147521973,14.194208145141602,0.5632517196993814
64q8kv,prefill,65536,32,block,identical,128,ok,sgl_fa3,13.614336013793945,7.994912147521973,7.994912147521973,17.968799591064453,0.44493301330477814
64q8kv,prefill,65536,32,block,reduced,64,ok,sgl_fa3,13.614336013793945,7.994912147521973,7.994912147521973,7.263775825500488,1.1006551330307757
64q8kv,prefill,65536,32,block,reduced,128,ok,sgl_fa3,13.614336013793945,7.994912147521973,7.994912147521973,8.588512420654297,0.9308843902111861
64q8kv,prefill,131072,1,block,identical,64,ok,sgl_fa3,25.671903610229492,14.155008316040039,14.155008316040039,21.23583984375,0.6665622089915155
64q8kv,prefill,131072,1,block,identical,128,ok,sgl_fa3,25.671903610229492,14.155008316040039,14.155008316040039,26.93846321105957,0.5254571578615037
64q8kv,prefill,131072,1,block,reduced,64,ok,sgl_fa3,25.671903610229492,14.155008316040039,14.155008316040039,8.616640090942383,1.6427526468140945
64q8kv,prefill,131072,1,block,reduced,128,ok,sgl_fa3,25.671903610229492,14.155008316040039,14.155008316040039,11.156543731689453,1.2687628585037172
64q8kv,prefill,131072,8,block,identical,64,ok,sgl_fa3,26.19273567199707,14.891136169433594,14.891136169433594,22.104736328125,0.6736626914878342
64q8kv,prefill,131072,8,block,identical,128,ok,sgl_fa3,26.19273567199707,14.891136169433594,14.891136169433594,27.78054428100586,0.5360275169127977
64q8kv,prefill,131072,8,block,reduced,64,ok,sgl_fa3,26.19273567199707,14.891136169433594,14.891136169433594,8.771967887878418,1.6975821571361398
64q8kv,prefill,131072,8,block,reduced,128,ok,sgl_fa3,26.19273567199707,14.891136169433594,14.891136169433594,11.379136085510254,1.308635036749001
64q8kv,prefill,131072,32,block,identical,64,ok,sgl_fa3,26.63711929321289,15.568927764892578,15.568927764892578,22.943904876708984,0.678564867164222
64q8kv,prefill,131072,32,block,identical,128,ok,sgl_fa3,26.63711929321289,15.568927764892578,15.568927764892578,30.353343963623047,0.512922984154601
64q8kv,prefill,131072,32,block,reduced,64,ok,sgl_fa3,26.63711929321289,15.568927764892578,15.568927764892578,8.902912139892578,1.748745525088427
64q8kv,prefill,131072,32,block,reduced,128,ok,sgl_fa3,26.63711929321289,15.568927764892578,15.568927764892578,11.5065279006958,1.3530517545567438
64q8kv,prefill,524288,1,block,identical,64,ok,sgl_fa3,101.14800262451172,56.116127014160156,56.116127014160156,69.39027404785156,0.8087030608275513
64q8kv,prefill,524288,1,block,identical,128,ok,sgl_fa3,101.14800262451172,56.116127014160156,56.116127014160156,91.26898956298828,0.6148433031071548
64q8kv,prefill,524288,1,block,reduced,64,ok,sgl_fa3,101.14800262451172,56.116127014160156,56.116127014160156,18.017375946044922,3.1145560364731395
64q8kv,prefill,524288,1,block,reduced,128,ok,sgl_fa3,101.14800262451172,56.116127014160156,56.116127014160156,28.12236785888672,1.99542681810228
64q8kv,prefill,524288,8,block,identical,64,ok,sgl_fa3,103.08153533935547,58.247840881347656,58.247840881347656,71.72428894042969,0.812107610153168
64q8kv,prefill,524288,8,block,identical,128,ok,sgl_fa3,103.08153533935547,58.247840881347656,58.247840881347656,93.97596740722656,0.6198163476087666
64q8kv,prefill,524288,8,block,reduced,64,ok,sgl_fa3,103.08153533935547,58.247840881347656,58.247840881347656,18.529216766357422,3.1435673518108636
64q8kv,prefill,524288,8,block,reduced,128,ok,sgl_fa3,103.08153533935547,58.247840881347656,58.247840881347656,28.915712356567383,2.014401034395347
64q8kv,prefill,524288,32,block,identical,64,ok,sgl_fa3,107.0551986694336,61.72412872314453,61.72412872314453,73.75949096679688,0.8368296461119816
64q8kv,prefill,524288,32,block,identical,128,ok,sgl_fa3,107.0551986694336,61.72412872314453,61.72412872314453,103.09798431396484,0.5986938457998918
64q8kv,prefill,524288,32,block,reduced,64,ok,sgl_fa3,107.0551986694336,61.72412872314453,61.72412872314453,18.775936126708984,3.2874061941093444
64q8kv,prefill,524288,32,block,reduced,128,ok,sgl_fa3,107.0551986694336,61.72412872314453,61.72412872314453,29.401216506958008,2.099373293228771
64q8kv,prefill,1048576,1,block,identical,64,ok,sgl_fa3,204.5557403564453,112.85078430175781,112.85078430175781,133.11251831054688,0.847784909594159
64q8kv,prefill,1048576,1,block,identical,128,ok,sgl_fa3,204.5557403564453,112.85078430175781,112.85078430175781,172.6639404296875,0.6535862903448164
64q8kv,prefill,1048576,1,block,reduced,64,ok,sgl_fa3,204.5557403564453,112.85078430175781,112.85078430175781,30.55388832092285,3.693499927617372
64q8kv,prefill,1048576,1,block,reduced,128,ok,sgl_fa3,204.5557403564453,112.85078430175781,112.85078430175781,51.451873779296875,2.1933270066282122
64q8kv,prefill,1048576,8,block,identical,64,ok,sgl_fa3,207.1759033203125,116.21907043457031,116.21907043457031,137.1829833984375,0.8471828469936457
64q8kv,prefill,1048576,8,block,identical,128,ok,sgl_fa3,207.1759033203125,116.21907043457031,116.21907043457031,173.15618896484375,0.6711805747709457
64q8kv,prefill,1048576,8,block,reduced,64,ok,sgl_fa3,207.1759033203125,116.21907043457031,116.21907043457031,31.446304321289062,3.6957942417382994
64q8kv,prefill,1048576,8,block,reduced,128,ok,sgl_fa3,207.1759033203125,116.21907043457031,116.21907043457031,52.18796920776367,2.226932225929212
64q8kv,prefill,1048576,32,block,identical,64,oom,sgl_fa3,221.97532653808594,121.86287689208984,121.86287689208984,,
64q8kv,prefill,1048576,32,block,identical,128,oom,sgl_fa3,221.97532653808594,121.86287689208984,121.86287689208984,,
64q8kv,prefill,1048576,32,block,reduced,64,ok,sgl_fa3,221.97532653808594,121.86287689208984,121.86287689208984,31.88591957092285,3.8218398130571103
64q8kv,prefill,1048576,32,block,reduced,128,ok,sgl_fa3,221.97532653808594,121.86287689208984,121.86287689208984,52.94527816772461,2.3016760154898446
64q8kv,decode,16384,1,block,identical,64,ok,flashinfer_fa2,0.10771200060844421,0.10784000158309937,0.10771200060844421,0.17772799730300903,0.6060497065344503
64q8kv,decode,16384,1,block,identical,128,ok,flashinfer_fa2,0.10771200060844421,0.10784000158309937,0.10771200060844421,0.19660800695419312,0.5478515462167296
64q8kv,decode,16384,1,block,reduced,64,ok,flashinfer_fa2,0.10771200060844421,0.10784000158309937,0.10771200060844421,0.16118399798870087,0.6682549257525856
64q8kv,decode,16384,1,block,reduced,128,ok,flashinfer_fa2,0.10771200060844421,0.10784000158309937,0.10771200060844421,0.18095999956130981,0.5952254689962632
64q8kv,decode,16384,8,block,identical,64,ok,flashinfer_fa2,0.20611199736595154,0.20902399718761444,0.20611199736595154,0.2691200077533722,0.7658739277194037
64q8kv,decode,16384,8,block,identical,128,ok,flashinfer_fa2,0.20611199736595154,0.20902399718761444,0.20611199736595154,0.31593599915504456,0.6523852866314318
64q8kv,decode,16384,8,block,reduced,64,ok,flashinfer_fa2,0.20611199736595154,0.20902399718761444,0.20611199736595154,0.24540799856185913,0.839874814895235
64q8kv,decode,16384,8,block,reduced,128,ok,flashinfer_fa2,0.20611199736595154,0.20902399718761444,0.20611199736595154,0.2704640030860901,0.7620681311159364
64q8kv,decode,16384,32,block,identical,64,ok,sgl_fa3,0.5766400098800659,0.5680639743804932,0.5680639743804932,0.43852800130844116,1.29538814553587
64q8kv,decode,16384,32,block,identical,128,ok,sgl_fa3,0.5766400098800659,0.5680639743804932,0.5680639743804932,0.58924800157547,0.9640490470254678
64q8kv,decode,16384,32,block,reduced,64,ok,sgl_fa3,0.5766400098800659,0.5680639743804932,0.5680639743804932,0.4002879858016968,1.4191382068157121
64q8kv,decode,16384,32,block,reduced,128,ok,sgl_fa3,0.5766400098800659,0.5680639743804932,0.5680639743804932,0.4854399859905243,1.1702043316876283
64q8kv,decode,65536,1,block,identical,64,ok,flashinfer_fa2,0.14796799421310425,0.15187199413776398,0.14796799421310425,0.20537599921226501,0.7204736423956379
64q8kv,decode,65536,1,block,identical,128,ok,flashinfer_fa2,0.14796799421310425,0.15187199413776398,0.14796799421310425,0.2356480062007904,0.6279195678278899
64q8kv,decode,65536,1,block,reduced,64,ok,flashinfer_fa2,0.14796799421310425,0.15187199413776398,0.14796799421310425,0.1860480010509491,0.7953216018299671
64q8kv,decode,65536,1,block,reduced,128,ok,flashinfer_fa2,0.14796799421310425,0.15187199413776398,0.14796799421310425,0.20025600492954254,0.738894168318023
64q8kv,decode,65536,8,block,identical,64,ok,sgl_fa3,0.567359983921051,0.5672000050544739,0.5672000050544739,0.36368000507354736,1.5596128385990549
64q8kv,decode,65536,8,block,identical,128,ok,sgl_fa3,0.567359983921051,0.5672000050544739,0.5672000050544739,0.5146239995956421,1.1021639206491392
64q8kv,decode,65536,8,block,reduced,64,ok,sgl_fa3,0.567359983921051,0.5672000050544739,0.5672000050544739,0.3224000036716461,1.7593052065599495
64q8kv,decode,65536,8,block,reduced,128,ok,sgl_fa3,0.567359983921051,0.5672000050544739,0.5672000050544739,0.4099520146846771,1.3835765766165273
64q8kv,decode,65536,32,block,identical,64,ok,sgl_fa3,2.0224640369415283,2.002527952194214,2.002527952194214,0.8156160116195679,2.4552337419391708
64q8kv,decode,65536,32,block,identical,128,ok,sgl_fa3,2.0224640369415283,2.002527952194214,2.002527952194214,1.3722560405731201,1.4592961466271717
64q8kv,decode,65536,32,block,reduced,64,ok,sgl_fa3,2.0224640369415283,2.002527952194214,2.002527952194214,0.6963520050048828,2.8757409152288895
64q8kv,decode,65536,32,block,reduced,128,ok,sgl_fa3,2.0224640369415283,2.002527952194214,2.002527952194214,1.037951946258545,1.9293069967377867
64q8kv,decode,131072,1,block,identical,64,ok,sgl_fa3,0.22915199398994446,0.21503999829292297,0.21503999829292297,0.220768004655838,0.9740541824806335
64q8kv,decode,131072,1,block,identical,128,ok,sgl_fa3,0.22915199398994446,0.21503999829292297,0.21503999829292297,0.26838400959968567,0.8012399792881507
64q8kv,decode,131072,1,block,reduced,64,ok,sgl_fa3,0.22915199398994446,0.21503999829292297,0.21503999829292297,0.19964799284934998,1.0770957184387397
64q8kv,decode,131072,1,block,reduced,128,ok,sgl_fa3,0.22915199398994446,0.21503999829292297,0.21503999829292297,0.22403199970722198,0.9598628703665089
64q8kv,decode,131072,8,block,identical,64,ok,sgl_fa3,1.0476160049438477,1.0441279411315918,1.0441279411315918,0.48524799942970276,2.151740846657222
64q8kv,decode,131072,8,block,identical,128,ok,sgl_fa3,1.0476160049438477,1.0441279411315918,1.0441279411315918,0.7721920013427734,1.3521610419635866
64q8kv,decode,131072,8,block,reduced,64,ok,sgl_fa3,1.0476160049438477,1.0441279411315918,1.0441279411315918,0.4201599955558777,2.4850722395648246
64q8kv,decode,131072,8,block,reduced,128,ok,sgl_fa3,1.0476160049438477,1.0441279411315918,1.0441279411315918,0.5894079804420471,1.7714859244839398
64q8kv,decode,131072,32,block,identical,64,ok,sgl_fa3,3.959552049636841,3.931488037109375,3.931488037109375,1.3122880458831787,2.9959032618204313
64q8kv,decode,131072,32,block,identical,128,ok,sgl_fa3,3.959552049636841,3.931488037109375,3.931488037109375,2.412287950515747,1.629775598003888
64q8kv,decode,131072,32,block,reduced,64,ok,sgl_fa3,3.959552049636841,3.931488037109375,3.931488037109375,1.0893440246582031,3.609041724300947
64q8kv,decode,131072,32,block,reduced,128,ok,sgl_fa3,3.959552049636841,3.931488037109375,3.931488037109375,1.7654720544815063,2.2268763910080676
64q8kv,decode,524288,1,block,identical,64,ok,sgl_fa3,0.6328319907188416,0.598143994808197,0.598143994808197,0.31494399905204773,1.8992074673864403
64q8kv,decode,524288,1,block,identical,128,ok,sgl_fa3,0.6328319907188416,0.598143994808197,0.598143994808197,0.46083199977874756,1.297965408425142
64q8kv,decode,524288,1,block,reduced,64,ok,sgl_fa3,0.6328319907188416,0.598143994808197,0.598143994808197,0.2794879972934723,2.1401419760438753
64q8kv,decode,524288,1,block,reduced,128,ok,sgl_fa3,0.6328319907188416,0.598143994808197,0.598143994808197,0.36396801471710205,1.6433971410183137
64q8kv,decode,524288,8,block,identical,64,ok,sgl_fa3,3.921312093734741,3.917695999145508,3.917695999145508,1.2277120351791382,3.191054487442463
64q8kv,decode,524288,8,block,identical,128,ok,sgl_fa3,3.921312093734741,3.917695999145508,3.917695999145508,2.3367040157318115,1.676590604873232
64q8kv,decode,524288,8,block,reduced,64,ok,sgl_fa3,3.921312093734741,3.917695999145508,3.917695999145508,1.0161919593811035,3.8552715980271306
64q8kv,decode,524288,8,block,reduced,128,ok,sgl_fa3,3.921312093734741,3.917695999145508,3.917695999145508,1.6833280324935913,2.327351486769958
64q8kv,decode,524288,32,block,identical,64,ok,sgl_fa3,15.600319862365723,15.530336380004883,15.530336380004883,4.334015846252441,3.5833593902139818
64q8kv,decode,524288,32,block,identical,128,ok,sgl_fa3,15.600319862365723,15.530336380004883,15.530336380004883,8.792384147644043,1.7663396092817787
64q8kv,decode,524288,32,block,reduced,64,ok,sgl_fa3,15.600319862365723,15.530336380004883,15.530336380004883,3.4559359550476074,4.493814868681773
64q8kv,decode,524288,32,block,reduced,128,ok,sgl_fa3,15.600319862365723,15.530336380004883,15.530336380004883,6.162208080291748,2.520255106229649
64q8kv,decode,1048576,1,block,identical,64,ok,flashinfer_fa2,1.1756479740142822,1.237887978553772,1.1756479740142822,0.4408639967441559,2.6666908223320838
64q8kv,decode,1048576,1,block,identical,128,ok,flashinfer_fa2,1.1756479740142822,1.237887978553772,1.1756479740142822,0.7220799922943115,1.6281409076005828
64q8kv,decode,1048576,1,block,reduced,64,ok,flashinfer_fa2,1.1756479740142822,1.237887978553772,1.1756479740142822,0.3850559890270233,3.053187088415277
64q8kv,decode,1048576,1,block,reduced,128,ok,flashinfer_fa2,1.1756479740142822,1.237887978553772,1.1756479740142822,0.548255980014801,2.144341360367002
64q8kv,decode,1048576,8,block,identical,64,ok,flashinfer_fa2,7.761568069458008,7.7784318923950195,7.761568069458008,2.2297279834747314,3.4809484058062754
64q8kv,decode,1048576,8,block,identical,128,ok,flashinfer_fa2,7.761568069458008,7.7784318923950195,7.761568069458008,4.431615829467773,1.751408147305529
64q8kv,decode,1048576,8,block,reduced,64,ok,flashinfer_fa2,7.761568069458008,7.7784318923950195,7.761568069458008,1.8063679933547974,4.296781219558246
64q8kv,decode,1048576,8,block,reduced,128,ok,flashinfer_fa2,7.761568069458008,7.7784318923950195,7.761568069458008,3.1409919261932373,2.4710563579400007
64q8kv,decode,1048576,32,block,identical,64,oom,flashinfer_fa2,30.944704055786133,32.023712158203125,30.944704055786133,,
64q8kv,decode,1048576,32,block,identical,128,oom,flashinfer_fa2,30.944704055786133,32.023712158203125,30.944704055786133,,
64q8kv,decode,1048576,32,block,reduced,64,ok,flashinfer_fa2,30.944704055786133,32.023712158203125,30.944704055786133,6.615327835083008,4.677727971647507
64q8kv,decode,1048576,32,block,reduced,128,ok,flashinfer_fa2,30.944704055786133,32.023712158203125,30.944704055786133,12.033856391906738,2.5714702791864554
64q4kv,prefill,16384,1,block,identical,64,ok,sgl_fa3,3.49183988571167,1.9741120338439941,1.9741120338439941,4.341472148895264,0.4547102840096139
64q4kv,prefill,16384,1,block,identical,128,ok,sgl_fa3,3.49183988571167,1.9741120338439941,1.9741120338439941,5.175136089324951,0.38146089296397595
64q4kv,prefill,16384,1,block,reduced,64,ok,sgl_fa3,3.49183988571167,1.9741120338439941,1.9741120338439941,3.1641600131988525,0.6238976618152245
64q4kv,prefill,16384,1,block,reduced,128,ok,sgl_fa3,3.49183988571167,1.9741120338439941,1.9741120338439941,3.338815927505493,0.59126111672736
64q4kv,prefill,16384,8,block,identical,64,ok,sgl_fa3,3.583456039428711,2.0722239017486572,2.0722239017486572,4.409759998321533,0.469917615139463
64q4kv,prefill,16384,8,block,identical,128,ok,sgl_fa3,3.583456039428711,2.0722239017486572,2.0722239017486572,5.212543964385986,0.3975455969113837
64q4kv,prefill,16384,8,block,reduced,64,ok,sgl_fa3,3.583456039428711,2.0722239017486572,2.0722239017486572,3.174720048904419,0.6527264986604951
64q4kv,prefill,16384,8,block,reduced,128,ok,sgl_fa3,3.583456039428711,2.0722239017486572,2.0722239017486572,3.3604159355163574,0.6166569679209195
64q4kv,prefill,16384,32,block,identical,64,ok,sgl_fa3,3.7495040893554688,2.1131839752197266,2.1131839752197266,4.456319808959961,0.4741993541331838
64q4kv,prefill,16384,32,block,identical,128,ok,sgl_fa3,3.7495040893554688,2.1131839752197266,2.1131839752197266,5.349408149719238,0.395031359745963
64q4kv,prefill,16384,32,block,reduced,64,ok,sgl_fa3,3.7495040893554688,2.1131839752197266,2.1131839752197266,3.212415933609009,0.6578176733315031
64q4kv,prefill,16384,32,block,reduced,128,ok,sgl_fa3,3.7495040893554688,2.1131839752197266,2.1131839752197266,3.395711898803711,0.6223095592898175
64q4kv,prefill,65536,1,block,identical,64,ok,sgl_fa3,12.951359748840332,7.167679786682129,7.167679786682129,8.382176399230957,0.8551096332618036
64q4kv,prefill,65536,1,block,identical,128,ok,sgl_fa3,12.951359748840332,7.167679786682129,7.167679786682129,11.016639709472656,0.6506230552787344
64q4kv,prefill,65536,1,block,reduced,64,ok,sgl_fa3,12.951359748840332,7.167679786682129,7.167679786682129,3.770751953125,1.9008621823405634
64q4kv,prefill,65536,1,block,reduced,128,ok,sgl_fa3,12.951359748840332,7.167679786682129,7.167679786682129,4.41264009475708,1.62435177870012
64q4kv,prefill,65536,8,block,identical,64,ok,sgl_fa3,13.36400032043457,7.725247859954834,7.725247859954834,8.530752182006836,0.9055764011348283
64q4kv,prefill,65536,8,block,identical,128,ok,sgl_fa3,13.36400032043457,7.725247859954834,7.725247859954834,11.328607559204102,0.6819238657162536
64q4kv,prefill,65536,8,block,reduced,64,ok,sgl_fa3,13.36400032043457,7.725247859954834,7.725247859954834,3.833695888519287,2.0150914638507245
64q4kv,prefill,65536,8,block,reduced,128,ok,sgl_fa3,13.36400032043457,7.725247859954834,7.725247859954834,4.474239826202393,1.7266056715855136
64q4kv,prefill,65536,32,block,identical,64,ok,sgl_fa3,13.41379165649414,7.815807819366455,7.815807819366455,8.781824111938477,0.8899982190193529
64q4kv,prefill,65536,32,block,identical,128,ok,sgl_fa3,13.41379165649414,7.815807819366455,7.815807819366455,12.044832229614258,0.6488930414613804
64q4kv,prefill,65536,32,block,reduced,64,ok,sgl_fa3,13.41379165649414,7.815807819366455,7.815807819366455,3.900160074234009,2.003971034676437
64q4kv,prefill,65536,32,block,reduced,128,ok,sgl_fa3,13.41379165649414,7.815807819366455,7.815807819366455,4.563392162322998,1.7127188594257945
64q4kv,prefill,131072,1,block,identical,64,ok,sgl_fa3,25.64575958251953,14.085984230041504,14.085984230041504,13.773280143737793,1.0227036757432024
64q4kv,prefill,131072,1,block,identical,128,ok,sgl_fa3,25.64575958251953,14.085984230041504,14.085984230041504,19.20524787902832,0.7334445417610604
64q4kv,prefill,131072,1,block,reduced,64,ok,sgl_fa3,25.64575958251953,14.085984230041504,14.085984230041504,4.5860161781311035,3.0715077494082967
64q4kv,prefill,131072,1,block,reduced,128,ok,sgl_fa3,25.64575958251953,14.085984230041504,14.085984230041504,5.857888221740723,2.404618131456208
64q4kv,prefill,131072,8,block,identical,64,ok,sgl_fa3,25.911104202270508,14.503680229187012,14.503680229187012,14.101887702941895,1.0284921093337949
64q4kv,prefill,131072,8,block,identical,128,ok,sgl_fa3,25.911104202270508,14.503680229187012,14.503680229187012,19.66646385192871,0.7374828712668964
64q4kv,prefill,131072,8,block,reduced,64,ok,sgl_fa3,25.911104202270508,14.503680229187012,14.503680229187012,4.671872138977051,3.1044685722847554
64q4kv,prefill,131072,8,block,reduced,128,ok,sgl_fa3,25.911104202270508,14.503680229187012,14.503680229187012,5.923776149749756,2.4483842506100952
64q4kv,prefill,131072,32,block,identical,64,ok,sgl_fa3,26.30124855041504,14.996064186096191,14.996064186096191,14.620863914489746,1.0256619768709159
64q4kv,prefill,131072,32,block,identical,128,ok,sgl_fa3,26.30124855041504,14.996064186096191,14.996064186096191,20.87241554260254,0.7184632825792411
64q4kv,prefill,131072,32,block,reduced,64,ok,sgl_fa3,26.30124855041504,14.996064186096191,14.996064186096191,4.743743896484375,3.161229719254003
64q4kv,prefill,131072,32,block,reduced,128,ok,sgl_fa3,26.30124855041504,14.996064186096191,14.996064186096191,6.060351848602295,2.474454381646958
64q4kv,prefill,524288,1,block,identical,64,ok,sgl_fa3,101.91398620605469,56.63817596435547,56.63817596435547,45.731361389160156,1.2384974827751485
64q4kv,prefill,524288,1,block,identical,128,ok,sgl_fa3,101.91398620605469,56.63817596435547,56.63817596435547,67.90275573730469,0.8341071779689107
64q4kv,prefill,524288,1,block,reduced,64,ok,sgl_fa3,101.91398620605469,56.63817596435547,56.63817596435547,9.32528018951416,6.073616536266915
64q4kv,prefill,524288,1,block,reduced,128,ok,sgl_fa3,101.91398620605469,56.63817596435547,56.63817596435547,14.469759941101074,3.9142443409496948
64q4kv,prefill,524288,8,block,identical,64,ok,sgl_fa3,102.5633316040039,57.51340866088867,57.51340866088867,47.621761322021484,1.2077127570309552
64q4kv,prefill,524288,8,block,identical,128,ok,sgl_fa3,102.5633316040039,57.51340866088867,57.51340866088867,68.96137237548828,0.8339945491185049
64q4kv,prefill,524288,8,block,reduced,64,ok,sgl_fa3,102.5633316040039,57.51340866088867,57.51340866088867,9.60524845123291,5.987706507842217
64q4kv,prefill,524288,8,block,reduced,128,ok,sgl_fa3,102.5633316040039,57.51340866088867,57.51340866088867,14.771072387695312,3.8936515339806226
64q4kv,prefill,524288,32,block,identical,64,ok,sgl_fa3,105.11968231201172,59.471839904785156,59.471839904785156,48.890113830566406,1.2164389739588413
64q4kv,prefill,524288,32,block,identical,128,ok,sgl_fa3,105.11968231201172,59.471839904785156,59.471839904785156,73.33757019042969,0.8109327831609294
64q4kv,prefill,524288,32,block,reduced,64,ok,sgl_fa3,105.11968231201172,59.471839904785156,59.471839904785156,9.691264152526855,6.136644195100052
64q4kv,prefill,524288,32,block,reduced,128,ok,sgl_fa3,105.11968231201172,59.471839904785156,59.471839904785156,15.045984268188477,3.952671945199735
64q4kv,prefill,1048576,1,block,identical,64,ok,sgl_fa3,205.25926208496094,113.04550170898438,113.04550170898438,89.42982482910156,1.264069363045403
64q4kv,prefill,1048576,1,block,identical,128,ok,sgl_fa3,205.25926208496094,113.04550170898438,113.04550170898438,134.36575317382812,0.8413267446410851
64q4kv,prefill,1048576,1,block,reduced,64,ok,sgl_fa3,205.25926208496094,113.04550170898438,113.04550170898438,15.593855857849121,7.249361719095489
64q4kv,prefill,1048576,1,block,reduced,128,ok,sgl_fa3,205.25926208496094,113.04550170898438,113.04550170898438,25.88707160949707,4.3668709776934325
64q4kv,prefill,1048576,8,block,identical,64,ok,sgl_fa3,206.53363037109375,115.40982055664062,115.40982055664062,92.02118682861328,1.25416574741193
64q4kv,prefill,1048576,8,block,identical,128,ok,sgl_fa3,206.53363037109375,115.40982055664062,115.40982055664062,135.408935546875,0.8523057957034806
64q4kv,prefill,1048576,8,block,reduced,64,ok,sgl_fa3,206.53363037109375,115.40982055664062,115.40982055664062,16.114015579223633,7.162077012352065
64q4kv,prefill,1048576,8,block,reduced,128,ok,sgl_fa3,206.53363037109375,115.40982055664062,115.40982055664062,26.28643226623535,4.390471076019066
64q4kv,prefill,1048576,32,block,identical,64,ok,sgl_fa3,212.52085876464844,118.82723236083984,118.82723236083984,94.71174621582031,1.25461980280743
64q4kv,prefill,1048576,32,block,identical,128,ok,sgl_fa3,212.52085876464844,118.82723236083984,118.82723236083984,143.4574432373047,0.8283099829423142
64q4kv,prefill,1048576,32,block,reduced,64,ok,sgl_fa3,212.52085876464844,118.82723236083984,118.82723236083984,16.310623168945312,7.285266242131172
64q4kv,prefill,1048576,32,block,reduced,128,ok,sgl_fa3,212.52085876464844,118.82723236083984,118.82723236083984,26.96518325805664,4.406691073584183
64q4kv,decode,16384,1,block,identical,64,ok,sgl_fa3,0.09750399738550186,0.09334400296211243,0.09334400296211243,0.18140800297260284,0.5145528390840051
64q4kv,decode,16384,1,block,identical,128,ok,sgl_fa3,0.09750399738550186,0.09334400296211243,0.09334400296211243,0.19625599682331085,0.47562369799150633
64q4kv,decode,16384,1,block,reduced,64,ok,sgl_fa3,0.09750399738550186,0.09334400296211243,0.09334400296211243,0.16387200355529785,0.5696153152274965
64q4kv,decode,16384,1,block,reduced,128,ok,sgl_fa3,0.09750399738550186,0.09334400296211243,0.09334400296211243,0.1669439971446991,0.5591336289929988
64q4kv,decode,16384,8,block,identical,64,ok,sgl_fa3,0.14630399644374847,0.1456640064716339,0.1456640064716339,0.23766399919986725,0.6128989117495052
64q4kv,decode,16384,8,block,identical,128,ok,sgl_fa3,0.14630399644374847,0.1456640064716339,0.1456640064716339,0.2666879892349243,0.5461963506099973
64q4kv,decode,16384,8,block,reduced,64,ok,sgl_fa3,0.14630399644374847,0.1456640064716339,0.1456640064716339,0.2197120040655136,0.6629770052445559
64q4kv,decode,16384,8,block,reduced,128,ok,sgl_fa3,0.14630399644374847,0.1456640064716339,0.1456640064716339,0.23235200345516205,0.626910912346591
64q4kv,decode,16384,32,block,identical,64,ok,sgl_fa3,0.33228799700737,0.32582399249076843,0.32582399249076843,0.32412800192832947,1.005232471592547
64q4kv,decode,16384,32,block,identical,128,ok,sgl_fa3,0.33228799700737,0.32582399249076843,0.32582399249076843,0.4057919979095459,0.8029335082240756
64q4kv,decode,16384,32,block,reduced,64,ok,sgl_fa3,0.33228799700737,0.32582399249076843,0.32582399249076843,0.2972480058670044,1.0961351667958694
64q4kv,decode,16384,32,block,reduced,128,ok,sgl_fa3,0.33228799700737,0.32582399249076843,0.32582399249076843,0.34438401460647583,0.946106609690012
64q4kv,decode,65536,1,block,identical,64,ok,flashinfer_fa2,0.11532799899578094,0.11923199892044067,0.11532799899578094,0.18812799453735352,0.6130294392357547
64q4kv,decode,65536,1,block,identical,128,ok,flashinfer_fa2,0.11532799899578094,0.11923199892044067,0.11532799899578094,0.21395200490951538,0.5390367762365933
64q4kv,decode,65536,1,block,reduced,64,ok,flashinfer_fa2,0.11532799899578094,0.11923199892044067,0.11532799899578094,0.17075200378894806,0.6754122729846732
64q4kv,decode,65536,1,block,reduced,128,ok,flashinfer_fa2,0.11532799899578094,0.11923199892044067,0.11532799899578094,0.17824000120162964,0.6470376919786875
64q4kv,decode,65536,8,block,identical,64,ok,flashinfer_fa2,0.3245120048522949,0.3245120048522949,0.3245120048522949,0.2849920094013214,1.13867053863718
64q4kv,decode,65536,8,block,identical,128,ok,flashinfer_fa2,0.3245120048522949,0.3245120048522949,0.3245120048522949,0.3661760091781616,0.8862186399939838
64q4kv,decode,65536,8,block,reduced,64,ok,flashinfer_fa2,0.3245120048522949,0.3245120048522949,0.3245120048522949,0.2581759989261627,1.2569410255099043
64q4kv,decode,65536,8,block,reduced,128,ok,flashinfer_fa2,0.3245120048522949,0.3245120048522949,0.3245120048522949,0.30483201146125793,1.064560127057188
64q4kv,decode,65536,32,block,identical,64,ok,sgl_fa3,1.0544320344924927,1.0482560396194458,1.0482560396194458,0.5120639801025391,2.047119267028968
64q4kv,decode,65536,32,block,identical,128,ok,sgl_fa3,1.0544320344924927,1.0482560396194458,1.0482560396194458,0.7968959808349609,1.315423925869369
64q4kv,decode,65536,32,block,reduced,64,ok,sgl_fa3,1.0544320344924927,1.0482560396194458,1.0482560396194458,0.4485119879245758,2.3371862243194403
64q4kv,decode,65536,32,block,reduced,128,ok,sgl_fa3,1.0544320344924927,1.0482560396194458,1.0482560396194458,0.6281599998474121,1.6687723507929193
64q4kv,decode,131072,1,block,identical,64,ok,flashinfer_fa2,0.14364799857139587,0.15136000514030457,0.14364799857139587,0.19750399887561798,0.7273169120077463
64q4kv,decode,131072,1,block,identical,128,ok,flashinfer_fa2,0.14364799857139587,0.15136000514030457,0.14364799857139587,0.22838400304317474,0.6289757454870427
64q4kv,decode,131072,1,block,reduced,64,ok,flashinfer_fa2,0.14364799857139587,0.15136000514030457,0.14364799857139587,0.17641599476337433,0.8142572263023545
64q4kv,decode,131072,1,block,reduced,128,ok,flashinfer_fa2,0.14364799857139587,0.15136000514030457,0.14364799857139587,0.18716800212860107,0.7674816044288217
64q4kv,decode,131072,8,block,identical,64,ok,sgl_fa3,0.5692480206489563,0.5651839971542358,0.5651839971542358,0.34812799096107483,1.6234948404865
64q4kv,decode,131072,8,block,identical,128,ok,sgl_fa3,0.5692480206489563,0.5651839971542358,0.5651839971542358,0.496832013130188,1.1375756437138786
64q4kv,decode,131072,8,block,reduced,64,ok,sgl_fa3,0.5692480206489563,0.5651839971542358,0.5651839971542358,0.31004801392555237,1.8228918482604628
64q4kv,decode,131072,8,block,reduced,128,ok,sgl_fa3,0.5692480206489563,0.5651839971542358,0.5651839971542358,0.40191999077796936,1.4062102162677885
64q4kv,decode,131072,32,block,identical,64,ok,sgl_fa3,2.0106239318847656,2.0070080757141113,2.0070080757141113,0.7609599828720093,2.6374686197548485
64q4kv,decode,131072,32,block,identical,128,ok,sgl_fa3,2.0106239318847656,2.0070080757141113,2.0070080757141113,1.3186559677124023,1.5220103839486343
64q4kv,decode,131072,32,block,reduced,64,ok,sgl_fa3,2.0106239318847656,2.0070080757141113,2.0070080757141113,0.6480000019073486,3.097234675627477
64q4kv,decode,131072,32,block,reduced,128,ok,sgl_fa3,2.0106239318847656,2.0070080757141113,2.0070080757141113,1.0113919973373413,1.9844017759660904
64q4kv,decode,524288,1,block,identical,64,ok,sgl_fa3,0.35977599024772644,0.3424000144004822,0.3424000144004822,0.24383999407291412,1.404199568254977
64q4kv,decode,524288,1,block,identical,128,ok,sgl_fa3,0.35977599024772644,0.3424000144004822,0.3424000144004822,0.32732799649238586,1.0460456119537789
64q4kv,decode,524288,1,block,reduced,64,ok,sgl_fa3,0.35977599024772644,0.3424000144004822,0.3424000144004822,0.22047999501228333,1.5529754270060032
64q4kv,decode,524288,1,block,reduced,128,ok,sgl_fa3,0.35977599024772644,0.3424000144004822,0.3424000144004822,0.26416000723838806,1.2961841498266138
64q4kv,decode,524288,8,block,identical,64,ok,sgl_fa3,2.004672050476074,2.000704050064087,2.000704050064087,0.7208639979362488,2.775425122896793
64q4kv,decode,524288,8,block,identical,128,ok,sgl_fa3,2.004672050476074,2.000704050064087,2.000704050064087,1.2786240577697754,1.5647320554516946
64q4kv,decode,524288,8,block,reduced,64,ok,sgl_fa3,2.004672050476074,2.000704050064087,2.000704050064087,0.6131839752197266,3.262812028554987
64q4kv,decode,524288,8,block,reduced,128,ok,sgl_fa3,2.004672050476074,2.000704050064087,2.000704050064087,0.9724799990653992,2.0573215407893852
64q4kv,decode,524288,32,block,identical,64,ok,flashinfer_fa2,7.781599998474121,7.819712162017822,7.781599998474121,2.253920078277588,3.4524737915377655
64q4kv,decode,524288,32,block,identical,128,ok,flashinfer_fa2,7.781599998474121,7.819712162017822,7.781599998474121,4.448256015777588,1.74935974253133
64q4kv,decode,524288,32,block,reduced,64,ok,flashinfer_fa2,7.781599998474121,7.819712162017822,7.781599998474121,1.8777920007705688,4.144015948135295
64q4kv,decode,524288,32,block,reduced,128,ok,flashinfer_fa2,7.781599998474121,7.819712162017822,7.781599998474121,3.2656960487365723,2.3828304540113754
64q4kv,decode,1048576,1,block,identical,64,ok,sgl_fa3,0.6338880062103271,0.6047359704971313,0.6047359704971313,0.30854400992393494,1.959966653205215
64q4kv,decode,1048576,1,block,identical,128,ok,sgl_fa3,0.6338880062103271,0.6047359704971313,0.6047359704971313,0.4597119987010956,1.3154670145782517
64q4kv,decode,1048576,1,block,reduced,64,ok,sgl_fa3,0.6338880062103271,0.6047359704971313,0.6047359704971313,0.27555200457572937,2.194634625969244
64q4kv,decode,1048576,1,block,reduced,128,ok,sgl_fa3,0.6338880062103271,0.6047359704971313,0.6047359704971313,0.36454400420188904,1.6588833269144128
64q4kv,decode,1048576,8,block,identical,64,ok,sgl_fa3,3.920351982116699,3.9114561080932617,3.9114561080932617,1.2187199592590332,3.209478993411562
64q4kv,decode,1048576,8,block,identical,128,ok,sgl_fa3,3.920351982116699,3.9114561080932617,3.9114561080932617,2.322688102722168,1.6840212439668818
64q4kv,decode,1048576,8,block,reduced,64,ok,sgl_fa3,3.920351982116699,3.9114561080932617,3.9114561080932617,1.0142719745635986,3.8564174168138754
64q4kv,decode,1048576,8,block,reduced,128,ok,sgl_fa3,3.920351982116699,3.9114561080932617,3.9114561080932617,1.7333120107650757,2.256637053110111
64q4kv,decode,1048576,32,block,identical,64,ok,flashinfer_fa2,15.505151748657227,15.586400032043457,15.505151748657227,4.325984001159668,3.584190728514196
64q4kv,decode,1048576,32,block,identical,128,ok,flashinfer_fa2,15.505151748657227,15.586400032043457,15.505151748657227,8.76966381072998,1.768044030340838
64q4kv,decode,1048576,32,block,reduced,64,ok,flashinfer_fa2,15.505151748657227,15.586400032043457,15.505151748657227,3.5031681060791016,4.426037026813215
64q4kv,decode,1048576,32,block,reduced,128,ok,flashinfer_fa2,15.505151748657227,15.586400032043457,15.505151748657227,6.284319877624512,2.4672760220025927
48q4kv,prefill,16384,1,token,identical,64,ok,sgl_fa3,2.641024112701416,1.4944640398025513,1.4944640398025513,5.48854398727417,0.27228788605277476
48q4kv,prefill,16384,1,token,identical,128,ok,sgl_fa3,2.641024112701416,1.4944640398025513,1.4944640398025513,6.230976104736328,0.23984428999279422
48q4kv,prefill,16384,1,token,reduced,64,ok,sgl_fa3,2.641024112701416,1.4944640398025513,1.4944640398025513,4.4910078048706055,0.3327680789558569
48q4kv,prefill,16384,1,token,reduced,128,ok,sgl_fa3,2.641024112701416,1.4944640398025513,1.4944640398025513,4.667520046234131,0.3201837431867746
48q4kv,prefill,16384,8,token,identical,64,ok,sgl_fa3,2.7381439208984375,1.5685440301895142,1.5685440301895142,5.529376029968262,0.283674689818214
48q4kv,prefill,16384,8,token,identical,128,ok,sgl_fa3,2.7381439208984375,1.5685440301895142,1.5685440301895142,6.262335777282715,0.25047268079740687
48q4kv,prefill,16384,8,token,reduced,64,ok,sgl_fa3,2.7381439208984375,1.5685440301895142,1.5685440301895142,4.540319919586182,0.34546993559266104
48q4kv,prefill,16384,8,token,reduced,128,ok,sgl_fa3,2.7381439208984375,1.5685440301895142,1.5685440301895142,4.722879886627197,0.3321160113834011
48q4kv,prefill,16384,32,token,identical,64,ok,sgl_fa3,2.7760000228881836,1.6035200357437134,1.6035200357437134,5.575839996337891,0.28758358145084434
48q4kv,prefill,16384,32,token,identical,128,ok,sgl_fa3,2.7760000228881836,1.6035200357437134,1.6035200357437134,6.328127861022949,0.2533956441715295
48q4kv,prefill,16384,32,token,reduced,64,ok,sgl_fa3,2.7760000228881836,1.6035200357437134,1.6035200357437134,4.58787202835083,0.3495128080806821
48q4kv,prefill,16384,32,token,reduced,128,ok,sgl_fa3,2.7760000228881836,1.6035200357437134,1.6035200357437134,4.782591819763184,0.3352826450957953
48q4kv,prefill,65536,1,token,identical,64,ok,sgl_fa3,9.636832237243652,4.829696178436279,4.829696178436279,11.910943984985352,0.4054839133258017
48q4kv,prefill,65536,1,token,identical,128,ok,sgl_fa3,9.636832237243652,4.829696178436279,4.829696178436279,14.41641616821289,0.33501364847425774
48q4kv,prefill,65536,1,token,reduced,64,ok,sgl_fa3,9.636832237243652,4.829696178436279,4.829696178436279,8.668928146362305,0.5571272592059652
48q4kv,prefill,65536,1,token,reduced,128,ok,sgl_fa3,9.636832237243652,4.829696178436279,4.829696178436279,9.329567909240723,0.5176762981330117
48q4kv,prefill,65536,8,token,identical,64,ok,sgl_fa3,9.853599548339844,5.643104076385498,5.643104076385498,11.909919738769531,0.47381545805182
48q4kv,prefill,65536,8,token,identical,128,ok,sgl_fa3,9.853599548339844,5.643104076385498,5.643104076385498,14.388256072998047,0.3922020881304525
48q4kv,prefill,65536,8,token,reduced,64,ok,sgl_fa3,9.853599548339844,5.643104076385498,5.643104076385498,8.641280174255371,0.6530402859981068
48q4kv,prefill,65536,8,token,reduced,128,ok,sgl_fa3,9.853599548339844,5.643104076385498,5.643104076385498,9.3221435546875,0.6053440438114631
48q4kv,prefill,65536,32,token,identical,64,ok,sgl_fa3,10.266528129577637,5.7570881843566895,5.7570881843566895,12.033920288085938,0.47840504561563674
48q4kv,prefill,65536,32,token,identical,128,ok,sgl_fa3,10.266528129577637,5.7570881843566895,5.7570881843566895,14.655296325683594,0.39283328405085327
48q4kv,prefill,65536,32,token,reduced,64,ok,sgl_fa3,10.266528129577637,5.7570881843566895,5.7570881843566895,8.759360313415527,0.6572498422675154
48q4kv,prefill,65536,32,token,reduced,128,ok,sgl_fa3,10.266528129577637,5.7570881843566895,5.7570881843566895,9.484160423278809,0.6070213838038795
48q4kv,prefill,131072,1,token,identical,64,ok,sgl_fa3,19.034303665161133,10.526559829711914,10.526559829711914,21.020832061767578,0.5007679904763374
48q4kv,prefill,131072,1,token,identical,128,ok,sgl_fa3,19.034303665161133,10.526559829711914,10.526559829711914,26.00511932373047,0.40478798419148593
48q4kv,prefill,131072,1,token,reduced,64,ok,sgl_fa3,19.034303665161133,10.526559829711914,10.526559829711914,16.030912399291992,0.6566413418974719
48q4kv,prefill,131072,1,token,reduced,128,ok,sgl_fa3,19.034303665161133,10.526559829711914,10.526559829711914,17.33670425415039,0.6071834459073653
48q4kv,prefill,131072,8,token,identical,64,ok,sgl_fa3,19.400800704956055,10.799936294555664,10.799936294555664,21.076736450195312,0.5124102737668186
48q4kv,prefill,131072,8,token,identical,128,ok,sgl_fa3,19.400800704956055,10.799936294555664,10.799936294555664,25.91926383972168,0.41667604301340505
48q4kv,prefill,131072,8,token,reduced,64,ok,sgl_fa3,19.400800704956055,10.799936294555664,10.799936294555664,16.026208877563477,0.6738921461129501
48q4kv,prefill,131072,8,token,reduced,128,ok,sgl_fa3,19.400800704956055,10.799936294555664,10.799936294555664,17.282943725585938,0.6248898605488874
48q4kv,prefill,131072,32,token,identical,64,ok,sgl_fa3,19.71228790283203,11.414624214172363,11.414624214172363,21.11497688293457,0.5405937348384136
48q4kv,prefill,131072,32,token,identical,128,ok,sgl_fa3,19.71228790283203,11.414624214172363,11.414624214172363,26.17046356201172,0.4361643876550012
48q4kv,prefill,131072,32,token,reduced,64,ok,sgl_fa3,19.71228790283203,11.414624214172363,11.414624214172363,16.141664505004883,0.7071528596467326
48q4kv,prefill,131072,32,token,reduced,128,ok,sgl_fa3,19.71228790283203,11.414624214172363,11.414624214172363,17.537824630737305,0.6508574726061953
48q4kv,prefill,524288,1,token,identical,64,ok,sgl_fa3,75.75308990478516,43.332000732421875,43.332000732421875,73.44620513916016,0.5899828405064601
48q4kv,prefill,524288,1,token,identical,128,ok,sgl_fa3,75.75308990478516,43.332000732421875,43.332000732421875,92.95471954345703,0.46616246001542544
48q4kv,prefill,524288,1,token,reduced,64,ok,sgl_fa3,75.75308990478516,43.332000732421875,43.332000732421875,64.66841888427734,0.6700643293902623
48q4kv,prefill,524288,1,token,reduced,128,ok,sgl_fa3,75.75308990478516,43.332000732421875,43.332000732421875,70.77442932128906,0.6122550354409928
48q4kv,prefill,524288,8,token,identical,64,ok,sgl_fa3,76.6072998046875,43.19375991821289,43.19375991821289,72.46851348876953,0.5960348548463967
48q4kv,prefill,524288,8,token,identical,128,ok,sgl_fa3,76.6072998046875,43.19375991821289,43.19375991821289,93.49260711669922,0.4620018764082344
48q4kv,prefill,524288,8,token,reduced,64,ok,sgl_fa3,76.6072998046875,43.19375991821289,43.19375991821289,64.65155029296875,0.668100915174968
48q4kv,prefill,524288,8,token,reduced,128,ok,sgl_fa3,76.6072998046875,43.19375991821289,43.19375991821289,70.76451110839844,0.6103873147946696
48q4kv,prefill,524288,32,token,identical,64,ok,sgl_fa3,78.78387451171875,45.010719299316406,45.010719299316406,72.92066955566406,0.6172559793208897
48q4kv,prefill,524288,32,token,identical,128,ok,sgl_fa3,78.78387451171875,45.010719299316406,45.010719299316406,94.1740493774414,0.4779524677644194
48q4kv,prefill,524288,32,token,reduced,64,ok,sgl_fa3,78.78387451171875,45.010719299316406,45.010719299316406,64.71453094482422,0.6955272431425434
48q4kv,prefill,524288,32,token,reduced,128,ok,sgl_fa3,78.78387451171875,45.010719299316406,45.010719299316406,70.90185546875,0.634831331306342
48q4kv,prefill,1048576,1,token,identical,64,ok,sgl_fa3,153.62889099121094,83.63353729248047,83.63353729248047,162.71292114257812,0.5139944431284355
48q4kv,prefill,1048576,1,token,identical,128,ok,sgl_fa3,153.62889099121094,83.63353729248047,83.63353729248047,207.52706909179688,0.40300061894810585
48q4kv,prefill,1048576,1,token,reduced,64,ok,sgl_fa3,153.62889099121094,83.63353729248047,83.63353729248047,216.43653869628906,0.3864113600977413
48q4kv,prefill,1048576,1,token,reduced,128,ok,sgl_fa3,153.62889099121094,83.63353729248047,83.63353729248047,229.2861785888672,0.364756121835166
48q4kv,prefill,1048576,8,token,identical,64,ok,sgl_fa3,154.0010223388672,86.3216323852539,86.3216323852539,164.66986083984375,0.5242102710538479
48q4kv,prefill,1048576,8,token,identical,128,ok,sgl_fa3,154.0010223388672,86.3216323852539,86.3216323852539,207.75112915039062,0.41550499743741875
48q4kv,prefill,1048576,8,token,reduced,64,ok,sgl_fa3,154.0010223388672,86.3216323852539,86.3216323852539,216.559814453125,0.3986041113086494
48q4kv,prefill,1048576,8,token,reduced,128,ok,sgl_fa3,154.0010223388672,86.3216323852539,86.3216323852539,229.35122680664062,0.3763731007117271
48q4kv,prefill,1048576,32,token,identical,64,ok,sgl_fa3,160.3795166015625,90.08306884765625,90.08306884765625,161.67762756347656,0.5571770826009218
48q4kv,prefill,1048576,32,token,identical,128,ok,sgl_fa3,160.3795166015625,90.08306884765625,90.08306884765625,207.54457092285156,0.4340420394862649
48q4kv,prefill,1048576,32,token,reduced,64,ok,sgl_fa3,160.3795166015625,90.08306884765625,90.08306884765625,216.54115295410156,0.41600900160880927
48q4kv,prefill,1048576,32,token,reduced,128,ok,sgl_fa3,160.3795166015625,90.08306884765625,90.08306884765625,229.4578857421875,0.39259086065523624
48q4kv,decode,16384,1,token,identical,64,ok,sgl_fa3,0.08691199868917465,0.08627200126647949,0.08627200126647949,0.15855999290943146,0.5440969041652112
48q4kv,decode,16384,1,token,identical,128,ok,sgl_fa3,0.08691199868917465,0.08627200126647949,0.08627200126647949,0.17206400632858276,0.5013948187497727
48q4kv,decode,16384,1,token,reduced,64,ok,sgl_fa3,0.08691199868917465,0.08627200126647949,0.08627200126647949,0.15430399775505066,0.5591041225220339
48q4kv,decode,16384,1,token,reduced,128,ok,sgl_fa3,0.08691199868917465,0.08627200126647949,0.08627200126647949,0.16729600727558136,0.5156847594358088
48q4kv,decode,16384,8,token,identical,64,ok,flashinfer_fa2,0.1351040005683899,0.13872000575065613,0.1351040005683899,0.21907199919223785,0.6167104927446012
48q4kv,decode,16384,8,token,identical,128,ok,flashinfer_fa2,0.1351040005683899,0.13872000575065613,0.1351040005683899,0.24425600469112396,0.5531245822973189
48q4kv,decode,16384,8,token,reduced,64,ok,flashinfer_fa2,0.1351040005683899,0.13872000575065613,0.1351040005683899,0.21593600511550903,0.6256668520662857
48q4kv,decode,16384,8,token,reduced,128,ok,flashinfer_fa2,0.1351040005683899,0.13872000575065613,0.1351040005683899,0.22912000119686127,0.5896648038697754
48q4kv,decode,16384,32,token,identical,64,ok,sgl_fa3,0.3211840093135834,0.3192000091075897,0.3192000091075897,0.318015992641449,1.003723134979176
48q4kv,decode,16384,32,token,identical,128,ok,sgl_fa3,0.3211840093135834,0.3192000091075897,0.3192000091075897,0.3882879912853241,0.822070257828379
48q4kv,decode,16384,32,token,reduced,64,ok,sgl_fa3,0.3211840093135834,0.3192000091075897,0.3192000091075897,0.2991679906845093,1.066959096717688
48q4kv,decode,16384,32,token,reduced,128,ok,sgl_fa3,0.3211840093135834,0.3192000091075897,0.3192000091075897,0.346560001373291,0.9210526542091308
48q4kv,decode,65536,1,token,identical,64,ok,flashinfer_fa2,0.11104000359773636,0.11404799669981003,0.11104000359773636,0.1881600022315979,0.590136066543314
48q4kv,decode,65536,1,token,identical,128,ok,flashinfer_fa2,0.11104000359773636,0.11404799669981003,0.11104000359773636,0.2027519941329956,0.5476641750063352
48q4kv,decode,65536,1,token,reduced,64,ok,flashinfer_fa2,0.11104000359773636,0.11404799669981003,0.11104000359773636,0.2226240038871765,0.4987782164496972
48q4kv,decode,65536,1,token,reduced,128,ok,flashinfer_fa2,0.11104000359773636,0.11404799669981003,0.11104000359773636,0.22832000255584717,0.48633497877863735
48q4kv,decode,65536,8,token,identical,64,ok,flashinfer_fa2,0.3170880079269409,0.3176000118255615,0.3170880079269409,0.29635199904441833,1.0699708756795483
48q4kv,decode,65536,8,token,identical,128,ok,flashinfer_fa2,0.3170880079269409,0.3176000118255615,0.3170880079269409,0.355103999376297,0.8929440628206745
48q4kv,decode,65536,8,token,reduced,64,ok,flashinfer_fa2,0.3170880079269409,0.3176000118255615,0.3170880079269409,0.3078399896621704,1.030041640382458
48q4kv,decode,65536,8,token,reduced,128,ok,flashinfer_fa2,0.3170880079269409,0.3176000118255615,0.3170880079269409,0.3558720052242279,0.8910170040690614
48q4kv,decode,65536,32,token,identical,64,ok,flashinfer_fa2,1.0306559801101685,1.0423040390014648,1.0306559801101685,0.5964159965515137,1.7280823889188703
48q4kv,decode,65536,32,token,identical,128,ok,flashinfer_fa2,1.0306559801101685,1.0423040390014648,1.0306559801101685,0.8001599907875061,1.288062377495045
48q4kv,decode,65536,32,token,reduced,64,ok,flashinfer_fa2,1.0306559801101685,1.0423040390014648,1.0306559801101685,0.5212799906730652,1.977163901456122
48q4kv,decode,65536,32,token,reduced,128,ok,flashinfer_fa2,1.0306559801101685,1.0423040390014648,1.0306559801101685,0.7015680074691772,1.4690749423254585
48q4kv,decode,131072,1,token,identical,64,ok,flashinfer_fa2,0.1377599984407425,0.14361600577831268,0.1377599984407425,0.213919997215271,0.643979058685722
48q4kv,decode,131072,1,token,identical,128,ok,flashinfer_fa2,0.1377599984407425,0.14361600577831268,0.1377599984407425,0.2396479994058609,0.5748430981367642
48q4kv,decode,131072,1,token,reduced,64,ok,flashinfer_fa2,0.1377599984407425,0.14361600577831268,0.1377599984407425,0.3033919930458069,0.45406603205887225
48q4kv,decode,131072,1,token,reduced,128,ok,flashinfer_fa2,0.1377599984407425,0.14361600577831268,0.1377599984407425,0.3154880106449127,0.43665684207503463
48q4kv,decode,131072,8,token,identical,64,ok,flashinfer_fa2,0.5533440113067627,0.5595200061798096,0.5533440113067627,0.37484800815582275,1.4761823439561665
48q4kv,decode,131072,8,token,identical,128,ok,flashinfer_fa2,0.5533440113067627,0.5595200061798096,0.5533440113067627,0.5077440142631531,1.0898090292798137
48q4kv,decode,131072,8,token,reduced,64,ok,flashinfer_fa2,0.5533440113067627,0.5595200061798096,0.5533440113067627,0.4390079975128174,1.2604417560539023
48q4kv,decode,131072,8,token,reduced,128,ok,flashinfer_fa2,0.5533440113067627,0.5595200061798096,0.5533440113067627,0.5297600030899048,1.0445182876761188
48q4kv,decode,131072,32,token,identical,64,ok,flashinfer_fa2,1.971168041229248,1.9992320537567139,1.971168041229248,0.8354880213737488,2.3593013793161997
48q4kv,decode,131072,32,token,identical,128,ok,flashinfer_fa2,1.971168041229248,1.9992320537567139,1.971168041229248,1.3442879915237427,1.4663286837777525
48q4kv,decode,131072,32,token,reduced,64,ok,flashinfer_fa2,1.971168041229248,1.9992320537567139,1.971168041229248,0.8131200075149536,2.424203097957834
48q4kv,decode,131072,32,token,reduced,128,ok,flashinfer_fa2,1.971168041229248,1.9992320537567139,1.971168041229248,1.1758719682693481,1.6763458050032598
48q4kv,decode,524288,1,token,identical,64,ok,sgl_fa3,0.35023999214172363,0.33660799264907837,0.33660799264907837,0.3808319866657257,0.8838753162415823
48q4kv,decode,524288,1,token,identical,128,ok,sgl_fa3,0.35023999214172363,0.33660799264907837,0.33660799264907837,0.45372799038887024,0.7418717817267269
48q4kv,decode,524288,1,token,reduced,64,ok,sgl_fa3,0.35023999214172363,0.33660799264907837,0.33660799264907837,0.8043199777603149,0.41850010189525166
48q4kv,decode,524288,1,token,reduced,128,ok,sgl_fa3,0.35023999214172363,0.33660799264907837,0.33660799264907837,0.8490880131721497,0.39643474813821483
48q4kv,decode,524288,8,token,identical,64,ok,flashinfer_fa2,1.9674240350723267,1.9937920570373535,1.9674240350723267,0.9234560132026672,2.130501081745129
48q4kv,decode,524288,8,token,identical,128,ok,flashinfer_fa2,1.9674240350723267,1.9937920570373535,1.9674240350723267,1.4236479997634888,1.3819596103806389
48q4kv,decode,524288,8,token,reduced,64,ok,flashinfer_fa2,1.9674240350723267,1.9937920570373535,1.9674240350723267,1.254591941833496,1.5681784407104333
48q4kv,decode,524288,8,token,reduced,128,ok,flashinfer_fa2,1.9674240350723267,1.9937920570373535,1.9674240350723267,1.6204479932785034,1.214123528328619
48q4kv,decode,524288,32,token,identical,64,ok,flashinfer_fa2,7.664896011352539,7.816351890563965,7.664896011352539,2.591615915298462,2.957574062617151
48q4kv,decode,524288,32,token,identical,128,ok,flashinfer_fa2,7.664896011352539,7.816351890563965,7.664896011352539,4.569664001464844,1.6773434565201057
48q4kv,decode,524288,32,token,reduced,64,ok,flashinfer_fa2,7.664896011352539,7.816351890563965,7.664896011352539,2.5701119899749756,2.9823198526952788
48q4kv,decode,524288,32,token,reduced,128,ok,flashinfer_fa2,7.664896011352539,7.816351890563965,7.664896011352539,4.01039981842041,1.9112548270490242
48q4kv,decode,1048576,1,token,identical,64,ok,flashinfer_fa2,0.6263039708137512,0.6675519943237305,0.6263039708137512,0.5767040252685547,1.0860058944830484
48q4kv,decode,1048576,1,token,identical,128,ok,flashinfer_fa2,0.6263039708137512,0.6675519943237305,0.6263039708137512,0.718176007270813,0.8720758762100803
48q4kv,decode,1048576,1,token,reduced,64,ok,flashinfer_fa2,0.6263039708137512,0.6675519943237305,0.6263039708137512,1.4754559993743896,0.4244816321729088
48q4kv,decode,1048576,1,token,reduced,128,ok,flashinfer_fa2,0.6263039708137512,0.6675519943237305,0.6263039708137512,1.5674240589141846,0.39957532057254264
48q4kv,decode,1048576,8,token,identical,64,ok,flashinfer_fa2,3.8519680500030518,3.8980159759521484,3.8519680500030518,1.6236480474472046,2.3724156574815236
48q4kv,decode,1048576,8,token,identical,128,ok,flashinfer_fa2,3.8519680500030518,3.8980159759521484,3.8519680500030518,2.6095359325408936,1.4761122857014686
48q4kv,decode,1048576,8,token,reduced,64,ok,flashinfer_fa2,3.8519680500030518,3.8980159759521484,3.8519680500030518,2.4138240814208984,1.5957948549985421
48q4kv,decode,1048576,8,token,reduced,128,ok,flashinfer_fa2,3.8519680500030518,3.8980159759521484,3.8519680500030518,3.130239963531494,1.2305663766612045
48q4kv,decode,1048576,32,token,identical,64,ok,flashinfer_fa2,15.245599746704102,15.561792373657227,15.245599746704102,5.3856000900268555,2.830807986455615
48q4kv,decode,1048576,32,token,identical,128,ok,flashinfer_fa2,15.245599746704102,15.561792373657227,15.245599746704102,9.319007873535156,1.635968115232496
48q4kv,decode,1048576,32,token,reduced,64,ok,flashinfer_fa2,15.245599746704102,15.561792373657227,15.245599746704102,6.431168079376221,2.370580205420913
48q4kv,decode,1048576,32,token,reduced,128,ok,flashinfer_fa2,15.245599746704102,15.561792373657227,15.245599746704102,9.327136039733887,1.6345424449431611
80q8kv,prefill,16384,1,token,identical,64,ok,sgl_fa3,4.363872051239014,2.4988479614257812,2.4988479614257812,10.742879867553711,0.23260503628761142
80q8kv,prefill,16384,1,token,identical,128,ok,sgl_fa3,4.363872051239014,2.4988479614257812,2.4988479614257812,12.157695770263672,0.2055363128544207
80q8kv,prefill,16384,1,token,reduced,64,ok,sgl_fa3,4.363872051239014,2.4988479614257812,2.4988479614257812,8.770367622375488,0.28491940919905917
80q8kv,prefill,16384,1,token,reduced,128,ok,sgl_fa3,4.363872051239014,2.4988479614257812,2.4988479614257812,9.112832069396973,0.2742120059270596
80q8kv,prefill,16384,8,token,identical,64,ok,sgl_fa3,4.63756799697876,2.6336960792541504,2.6336960792541504,10.78495979309082,0.24420082501757473
80q8kv,prefill,16384,8,token,identical,128,ok,sgl_fa3,4.63756799697876,2.6336960792541504,2.6336960792541504,12.204928398132324,0.21578955593522164
80q8kv,prefill,16384,8,token,reduced,64,ok,sgl_fa3,4.63756799697876,2.6336960792541504,2.6336960792541504,8.873984336853027,0.2967884525462365
80q8kv,prefill,16384,8,token,reduced,128,ok,sgl_fa3,4.63756799697876,2.6336960792541504,2.6336960792541504,9.203200340270996,0.2861717643730658
80q8kv,prefill,16384,32,token,identical,64,ok,sgl_fa3,4.742815971374512,2.717600107192993,2.717600107192993,10.8788480758667,0.24980586990838058
80q8kv,prefill,16384,32,token,identical,128,ok,sgl_fa3,4.742815971374512,2.717600107192993,2.717600107192993,12.320992469787598,0.22056665596191555
80q8kv,prefill,16384,32,token,reduced,64,ok,sgl_fa3,4.742815971374512,2.717600107192993,2.717600107192993,8.946271896362305,0.3037690044160196
80q8kv,prefill,16384,32,token,reduced,128,ok,sgl_fa3,4.742815971374512,2.717600107192993,2.717600107192993,9.299103736877441,0.29224322946477205
80q8kv,prefill,65536,1,token,identical,64,ok,sgl_fa3,16.27769660949707,9.192416191101074,9.192416191101074,23.72230339050293,0.38750099599439397
80q8kv,prefill,65536,1,token,identical,128,ok,sgl_fa3,16.27769660949707,9.192416191101074,9.192416191101074,28.549728393554688,0.32197911182847994
80q8kv,prefill,65536,1,token,reduced,64,ok,sgl_fa3,16.27769660949707,9.192416191101074,9.192416191101074,17.119680404663086,0.5369502218392599
80q8kv,prefill,65536,1,token,reduced,128,ok,sgl_fa3,16.27769660949707,9.192416191101074,9.192416191101074,18.45350456237793,0.49813931874176937
80q8kv,prefill,65536,8,token,identical,64,ok,sgl_fa3,16.511615753173828,9.607904434204102,9.607904434204102,23.77020835876465,0.40419942009727633
80q8kv,prefill,65536,8,token,identical,128,ok,sgl_fa3,16.511615753173828,9.607904434204102,9.607904434204102,28.58255958557129,0.33614569770911107
80q8kv,prefill,65536,8,token,reduced,64,ok,sgl_fa3,16.511615753173828,9.607904434204102,9.607904434204102,17.125343322753906,0.5610342667664
80q8kv,prefill,65536,8,token,reduced,128,ok,sgl_fa3,16.511615753173828,9.607904434204102,9.607904434204102,18.486751556396484,0.5197183726353336
80q8kv,prefill,65536,32,token,identical,64,ok,sgl_fa3,17.047391891479492,9.945119857788086,9.945119857788086,23.77884864807129,0.41823386846758615
80q8kv,prefill,65536,32,token,identical,128,ok,sgl_fa3,17.047391891479492,9.945119857788086,9.945119857788086,28.98201560974121,0.3431479712006438
80q8kv,prefill,65536,32,token,reduced,64,ok,sgl_fa3,17.047391891479492,9.945119857788086,9.945119857788086,17.2653751373291,0.5760152779006784
80q8kv,prefill,65536,32,token,reduced,128,ok,sgl_fa3,17.047391891479492,9.945119857788086,9.945119857788086,18.603168487548828,0.5345927960844086
80q8kv,prefill,131072,1,token,identical,64,ok,sgl_fa3,31.881919860839844,18.4105281829834,18.4105281829834,42.58230209350586,0.43235164088958805
80q8kv,prefill,131072,1,token,identical,128,ok,sgl_fa3,31.881919860839844,18.4105281829834,18.4105281829834,51.862464904785156,0.35498752743016515
80q8kv,prefill,131072,1,token,reduced,64,ok,sgl_fa3,31.881919860839844,18.4105281829834,18.4105281829834,32.08982467651367,0.5737185655756462
80q8kv,prefill,131072,1,token,reduced,128,ok,sgl_fa3,31.881919860839844,18.4105281829834,18.4105281829834,34.55500793457031,0.5327890017517466
80q8kv,prefill,131072,8,token,identical,64,ok,sgl_fa3,32.41779327392578,19.093856811523438,19.093856811523438,42.1596794128418,0.45289378566070093
80q8kv,prefill,131072,8,token,identical,128,ok,sgl_fa3,32.41779327392578,19.093856811523438,19.093856811523438,52.20912170410156,0.3657187899030184
80q8kv,prefill,131072,8,token,reduced,64,ok,sgl_fa3,32.41779327392578,19.093856811523438,19.093856811523438,32.18038558959961,0.5933383476204955
80q8kv,prefill,131072,8,token,reduced,128,ok,sgl_fa3,32.41779327392578,19.093856811523438,19.093856811523438,34.74726486206055,0.549506756497874
80q8kv,prefill,131072,32,token,identical,64,ok,sgl_fa3,33.35145568847656,19.61680030822754,19.61680030822754,42.23961639404297,0.4644171037262092
80q8kv,prefill,131072,32,token,identical,128,ok,sgl_fa3,33.35145568847656,19.61680030822754,19.61680030822754,51.743648529052734,0.3791151352076228
80q8kv,prefill,131072,32,token,reduced,64,ok,sgl_fa3,33.35145568847656,19.61680030822754,19.61680030822754,32.09088134765625,0.6112889233458291
80q8kv,prefill,131072,32,token,reduced,128,ok,sgl_fa3,33.35145568847656,19.61680030822754,19.61680030822754,34.795265197753906,0.5637778645093884
80q8kv,prefill,524288,1,token,identical,64,ok,sgl_fa3,127.23958587646484,70.9842529296875,70.9842529296875,150.7711639404297,0.4708078857687513
80q8kv,prefill,524288,1,token,identical,128,ok,sgl_fa3,127.23958587646484,70.9842529296875,70.9842529296875,193.56935119628906,0.366712253210509
80q8kv,prefill,524288,1,token,reduced,64,ok,sgl_fa3,127.23958587646484,70.9842529296875,70.9842529296875,129.05580139160156,0.5500276017371418
80q8kv,prefill,524288,1,token,reduced,128,ok,sgl_fa3,127.23958587646484,70.9842529296875,70.9842529296875,141.3456268310547,0.5022033898122112
80q8kv,prefill,524288,8,token,identical,64,ok,sgl_fa3,128.38339233398438,72.09686279296875,72.09686279296875,148.32102966308594,0.48608658500239754
80q8kv,prefill,524288,8,token,identical,128,ok,sgl_fa3,128.38339233398438,72.09686279296875,72.09686279296875,191.52700805664062,0.37643183342397024
80q8kv,prefill,524288,8,token,reduced,64,ok,sgl_fa3,128.38339233398438,72.09686279296875,72.09686279296875,129.26553344726562,0.5577423530486643
80q8kv,prefill,524288,8,token,reduced,128,ok,sgl_fa3,128.38339233398438,72.09686279296875,72.09686279296875,141.4539794921875,0.5096842312375571
80q8kv,prefill,524288,32,token,identical,64,ok,sgl_fa3,133.1680908203125,75.70499420166016,75.70499420166016,148.13980102539062,0.5110375042874845
80q8kv,prefill,524288,32,token,identical,128,ok,sgl_fa3,133.1680908203125,75.70499420166016,75.70499420166016,194.89724731445312,0.38843542043215945
80q8kv,prefill,524288,32,token,reduced,64,ok,sgl_fa3,133.1680908203125,75.70499420166016,75.70499420166016,129.24806213378906,0.5857340756358524
80q8kv,prefill,524288,32,token,reduced,128,ok,sgl_fa3,133.1680908203125,75.70499420166016,75.70499420166016,141.36985778808594,0.5355101531978782
80q8kv,prefill,1048576,1,token,identical,64,ok,sgl_fa3,254.85971069335938,140.02525329589844,140.02525329589844,335.5992736816406,0.41723944083600883
80q8kv,prefill,1048576,1,token,identical,128,ok,sgl_fa3,254.85971069335938,140.02525329589844,140.02525329589844,440.5810241699219,0.3178195283369579
80q8kv,prefill,1048576,1,token,reduced,64,ok,sgl_fa3,254.85971069335938,140.02525329589844,140.02525329589844,237.6057891845703,0.589317515269495
80q8kv,prefill,1048576,1,token,reduced,128,ok,sgl_fa3,254.85971069335938,140.02525329589844,140.02525329589844,261.88165283203125,0.5346890543176367
80q8kv,prefill,1048576,8,token,identical,64,ok,sgl_fa3,258.1480712890625,143.33526611328125,143.33526611328125,332.34356689453125,0.4312864168024305
80q8kv,prefill,1048576,8,token,identical,128,ok,sgl_fa3,258.1480712890625,143.33526611328125,143.33526611328125,439.3425598144531,0.32624944456511523
80q8kv,prefill,1048576,8,token,reduced,64,ok,sgl_fa3,258.1480712890625,143.33526611328125,143.33526611328125,237.72610473632812,0.6029428962892415
80q8kv,prefill,1048576,8,token,reduced,128,ok,sgl_fa3,258.1480712890625,143.33526611328125,143.33526611328125,261.7676086425781,0.5475668546485201
80q8kv,prefill,1048576,32,token,identical,64,oom,sgl_fa3,273.417236328125,150.5745849609375,150.5745849609375,,
80q8kv,prefill,1048576,32,token,identical,128,oom,sgl_fa3,273.417236328125,150.5745849609375,150.5745849609375,,
80q8kv,prefill,1048576,32,token,reduced,64,ok,sgl_fa3,273.417236328125,150.5745849609375,150.5745849609375,238.41375732421875,0.6315683568384487
80q8kv,prefill,1048576,32,token,reduced,128,ok,sgl_fa3,273.417236328125,150.5745849609375,150.5745849609375,262.66278076171875,0.5732619769130332
80q8kv,decode,16384,1,token,identical,64,ok,flashinfer_fa2,0.12476799637079239,0.12595200538635254,0.12476799637079239,0.19395199418067932,0.6432931865323468
80q8kv,decode,16384,1,token,identical,128,ok,flashinfer_fa2,0.12476799637079239,0.12595200538635254,0.12476799637079239,0.22233599424362183,0.5611686798408334
80q8kv,decode,16384,1,token,reduced,64,ok,flashinfer_fa2,0.12476799637079239,0.12595200538635254,0.12476799637079239,0.18464000523090363,0.6757365296581441
80q8kv,decode,16384,1,token,reduced,128,ok,flashinfer_fa2,0.12476799637079239,0.12595200538635254,0.12476799637079239,0.2008640021085739,0.6211565788844086
80q8kv,decode,16384,8,token,identical,64,ok,sgl_fa3,0.2452159970998764,0.24489599466323853,0.24489599466323853,0.2879999876022339,0.8503333514078908
80q8kv,decode,16384,8,token,identical,128,ok,sgl_fa3,0.2452159970998764,0.24489599466323853,0.24489599466323853,0.3415040075778961,0.7171101633628074
80q8kv,decode,16384,8,token,reduced,64,ok,sgl_fa3,0.2452159970998764,0.24489599466323853,0.24489599466323853,0.26601600646972656,0.920606236869842
80q8kv,decode,16384,8,token,reduced,128,ok,sgl_fa3,0.2452159970998764,0.24489599466323853,0.24489599466323853,0.29049599170684814,0.8430271041755836
80q8kv,decode,16384,32,token,identical,64,ok,sgl_fa3,0.5933120250701904,0.5837759971618652,0.5837759971618652,0.4856320023536682,1.2020954021409864
80q8kv,decode,16384,32,token,identical,128,ok,sgl_fa3,0.5933120250701904,0.5837759971618652,0.5837759971618652,0.6323519945144653,0.9231820287213645
80q8kv,decode,16384,32,token,reduced,64,ok,sgl_fa3,0.5933120250701904,0.5837759971618652,0.5837759971618652,0.45161598920822144,1.2926380179438473
80q8kv,decode,16384,32,token,reduced,128,ok,sgl_fa3,0.5933120250701904,0.5837759971618652,0.5837759971618652,0.5381439924240112,1.08479515776495
80q8kv,decode,65536,1,token,identical,64,ok,flashinfer_fa2,0.16118399798870087,0.16633599996566772,0.16118399798870087,0.24156799912452698,0.6672406882238214
80q8kv,decode,65536,1,token,identical,128,ok,flashinfer_fa2,0.16118399798870087,0.16633599996566772,0.16118399798870087,0.2800639867782593,0.5755256141387373
80q8kv,decode,65536,1,token,reduced,64,ok,flashinfer_fa2,0.16118399798870087,0.16633599996566772,0.16118399798870087,0.2669439911842346,0.6038120478893184
80q8kv,decode,65536,1,token,reduced,128,ok,flashinfer_fa2,0.16118399798870087,0.16633599996566772,0.16118399798870087,0.28070399165153503,0.5742134162053318
80q8kv,decode,65536,8,token,identical,64,ok,sgl_fa3,0.5826560258865356,0.5824639797210693,0.5824639797210693,0.41206398606300354,1.4135279942470198
80q8kv,decode,65536,8,token,identical,128,ok,sgl_fa3,0.5826560258865356,0.5824639797210693,0.5824639797210693,0.5560960173606873,1.0474162042834405
80q8kv,decode,65536,8,token,reduced,64,ok,sgl_fa3,0.5826560258865356,0.5824639797210693,0.5824639797210693,0.40755200386047363,1.4291770723828343
80q8kv,decode,65536,8,token,reduced,128,ok,sgl_fa3,0.5826560258865356,0.5824639797210693,0.5824639797210693,0.4954240024089813,1.1756878489715057
80q8kv,decode,65536,32,token,identical,64,ok,sgl_fa3,2.0482239723205566,2.02508807182312,2.02508807182312,0.9359040260314941,2.1637774980091535
80q8kv,decode,65536,32,token,identical,128,ok,sgl_fa3,2.0482239723205566,2.02508807182312,2.02508807182312,1.4528319835662842,1.3938900676264794
80q8kv,decode,65536,32,token,reduced,64,ok,sgl_fa3,2.0482239723205566,2.02508807182312,2.02508807182312,0.8863679766654968,2.2847035600738548
80q8kv,decode,65536,32,token,reduced,128,ok,sgl_fa3,2.0482239723205566,2.02508807182312,2.02508807182312,1.2250560522079468,1.653057481062403
80q8kv,decode,131072,1,token,identical,64,ok,sgl_fa3,0.2439039945602417,0.23212799429893494,0.23212799429893494,0.28041601181030273,0.8277986438804574
80q8kv,decode,131072,1,token,identical,128,ok,sgl_fa3,0.2439039945602417,0.23212799429893494,0.23212799429893494,0.3333440124988556,0.6963616732120901
80q8kv,decode,131072,1,token,reduced,64,ok,sgl_fa3,0.2439039945602417,0.23212799429893494,0.23212799429893494,0.35660800337791443,0.6509332154638657
80q8kv,decode,131072,1,token,reduced,128,ok,sgl_fa3,0.2439039945602417,0.23212799429893494,0.23212799429893494,0.37964800000190735,0.6114295197071201
80q8kv,decode,131072,8,token,identical,64,ok,sgl_fa3,1.061792016029358,1.0592639446258545,1.0592639446258545,0.5680959820747375,1.8645862284702797
80q8kv,decode,131072,8,token,identical,128,ok,sgl_fa3,1.061792016029358,1.0592639446258545,1.0592639446258545,0.8343999981880188,1.2694917868242446
80q8kv,decode,131072,8,token,reduced,64,ok,sgl_fa3,1.061792016029358,1.0592639446258545,1.0592639446258545,0.5885440111160278,1.7998041346427482
80q8kv,decode,131072,8,token,reduced,128,ok,sgl_fa3,1.061792016029358,1.0592639446258545,1.0592639446258545,0.7596480250358582,1.3944141361729379
80q8kv,decode,131072,32,token,identical,64,ok,sgl_fa3,3.9477760791778564,3.9423038959503174,3.9423038959503174,1.5930880308151245,2.4746302901624246
80q8kv,decode,131072,32,token,identical,128,ok,sgl_fa3,3.9477760791778564,3.9423038959503174,3.9423038959503174,2.5423998832702637,1.550623063622616
80q8kv,decode,131072,32,token,reduced,64,ok,sgl_fa3,3.9477760791778564,3.9423038959503174,3.9423038959503174,1.4782079458236694,2.6669481158509356
80q8kv,decode,131072,32,token,reduced,128,ok,sgl_fa3,3.9477760791778564,3.9423038959503174,3.9423038959503174,2.1550400257110596,1.8293413806314556
80q8kv,decode,524288,1,token,identical,64,ok,sgl_fa3,0.6493120193481445,0.6116799712181091,0.6116799712181091,0.48150399327278137,1.2703528522380925
80q8kv,decode,524288,1,token,identical,128,ok,sgl_fa3,0.6493120193481445,0.6116799712181091,0.6116799712181091,0.6353920102119446,0.9626812446289246
80q8kv,decode,524288,1,token,reduced,64,ok,sgl_fa3,0.6493120193481445,0.6116799712181091,0.6116799712181091,0.8963199853897095,0.6824348237110409
80q8kv,decode,524288,1,token,reduced,128,ok,sgl_fa3,0.6493120193481445,0.6116799712181091,0.6116799712181091,0.9792320132255554,0.6246527512956374
80q8kv,decode,524288,8,token,identical,64,ok,flashinfer_fa2,3.9354240894317627,3.936768054962158,3.9354240894317627,1.5038080215454102,2.6169724014289186
80q8kv,decode,524288,8,token,identical,128,ok,flashinfer_fa2,3.9354240894317627,3.936768054962158,3.9354240894317627,2.498975992202759,1.5748146847792746
80q8kv,decode,524288,8,token,reduced,64,ok,flashinfer_fa2,3.9354240894317627,3.936768054962158,3.9354240894317627,1.7545599937438965,2.2429692364262324
80q8kv,decode,524288,8,token,reduced,128,ok,flashinfer_fa2,3.9354240894317627,3.936768054962158,3.9354240894317627,2.4321279525756836,1.618099115741033
80q8kv,decode,524288,32,token,identical,64,ok,flashinfer_fa2,15.501376152038574,15.528608322143555,15.501376152038574,5.118015766143799,3.0287863227350282
80q8kv,decode,524288,32,token,identical,128,ok,flashinfer_fa2,15.501376152038574,15.528608322143555,15.501376152038574,9.12502384185791,1.6987765095945657
80q8kv,decode,524288,32,token,reduced,64,ok,flashinfer_fa2,15.501376152038574,15.528608322143555,15.501376152038574,5.185184001922607,2.989551797253644
80q8kv,decode,524288,32,token,reduced,128,ok,flashinfer_fa2,15.501376152038574,15.528608322143555,15.501376152038574,7.731328010559082,2.00500821215547
80q8kv,decode,1048576,1,token,identical,64,ok,sgl_fa3,1.1881599426269531,1.1158720254898071,1.1158720254898071,0.7700799703598022,1.4490339554844434
80q8kv,decode,1048576,1,token,identical,128,ok,sgl_fa3,1.1881599426269531,1.1158720254898071,1.1158720254898071,1.0294400453567505,1.083960188379017
80q8kv,decode,1048576,1,token,reduced,64,ok,sgl_fa3,1.1881599426269531,1.1158720254898071,1.1158720254898071,1.6332160234451294,0.6832360260193692
80q8kv,decode,1048576,1,token,reduced,128,ok,sgl_fa3,1.1881599426269531,1.1158720254898071,1.1158720254898071,1.7795519828796387,0.6270522222588425
80q8kv,decode,1048576,8,token,identical,64,ok,flashinfer_fa2,7.772543907165527,7.8118720054626465,7.772543907165527,2.8783679008483887,2.7003302478722744
80q8kv,decode,1048576,8,token,identical,128,ok,flashinfer_fa2,7.772543907165527,7.8118720054626465,7.772543907165527,4.720736026763916,1.6464686572389513
80q8kv,decode,1048576,8,token,reduced,64,ok,flashinfer_fa2,7.772543907165527,7.8118720054626465,7.772543907165527,3.273632049560547,2.374287577068692
80q8kv,decode,1048576,8,token,reduced,128,ok,flashinfer_fa2,7.772543907165527,7.8118720054626465,7.772543907165527,4.614560127258301,1.684352071013866
80q8kv,decode,1048576,32,token,identical,64,oom,flashinfer_fa2,31.1309757232666,31.815935134887695,31.1309757232666,,
80q8kv,decode,1048576,32,token,identical,128,oom,flashinfer_fa2,31.1309757232666,31.815935134887695,31.1309757232666,,
80q8kv,decode,1048576,32,token,reduced,64,ok,flashinfer_fa2,31.1309757232666,31.815935134887695,31.1309757232666,12.641311645507812,2.4626381024574484
80q8kv,decode,1048576,32,token,reduced,128,ok,flashinfer_fa2,31.1309757232666,31.815935134887695,31.1309757232666,18.10326385498047,1.7196333198613807
64q8kv,prefill,16384,1,token,identical,64,ok,sgl_fa3,3.5575039386749268,1.9998719692230225,1.9998719692230225,9.860575675964355,0.20281493037955278
64q8kv,prefill,16384,1,token,identical,128,ok,sgl_fa3,3.5575039386749268,1.9998719692230225,1.9998719692230225,10.478495597839355,0.19085487516312857
64q8kv,prefill,16384,1,token,reduced,64,ok,sgl_fa3,3.5575039386749268,1.9998719692230225,1.9998719692230225,8.624768257141113,0.23187544402334215
64q8kv,prefill,16384,1,token,reduced,128,ok,sgl_fa3,3.5575039386749268,1.9998719692230225,1.9998719692230225,8.953472137451172,0.22336272884100755
64q8kv,prefill,16384,8,token,identical,64,ok,sgl_fa3,3.6846399307250977,2.117919921875,2.117919921875,9.96406364440918,0.21255584041390196
64q8kv,prefill,16384,8,token,identical,128,ok,sgl_fa3,3.6846399307250977,2.117919921875,2.117919921875,10.457887649536133,0.20251890179456478
64q8kv,prefill,16384,8,token,reduced,64,ok,sgl_fa3,3.6846399307250977,2.117919921875,2.117919921875,8.67523193359375,0.24413409786470608
64q8kv,prefill,16384,8,token,reduced,128,ok,sgl_fa3,3.6846399307250977,2.117919921875,2.117919921875,9.049535751342773,0.23403630639955672
64q8kv,prefill,16384,32,token,identical,64,ok,sgl_fa3,3.690176010131836,2.2569921016693115,2.2569921016693115,10.099264144897461,0.22348084665253867
64q8kv,prefill,16384,32,token,identical,128,ok,sgl_fa3,3.690176010131836,2.2569921016693115,2.2569921016693115,10.666751861572266,0.21159131954688912
64q8kv,prefill,16384,32,token,reduced,64,ok,sgl_fa3,3.690176010131836,2.2569921016693115,2.2569921016693115,8.805824279785156,0.25630673858102215
64q8kv,prefill,16384,32,token,reduced,128,ok,sgl_fa3,3.690176010131836,2.2569921016693115,2.2569921016693115,9.15932846069336,0.24641458283268702
64q8kv,prefill,65536,1,token,identical,64,ok,sgl_fa3,13.158495903015137,7.29088020324707,7.29088020324707,21.5229434967041,0.3387492145004959
64q8kv,prefill,65536,1,token,identical,128,ok,sgl_fa3,13.158495903015137,7.29088020324707,7.29088020324707,22.750560760498047,0.32047035147838093
64q8kv,prefill,65536,1,token,reduced,64,ok,sgl_fa3,13.158495903015137,7.29088020324707,7.29088020324707,16.997055053710938,0.4289496139306359
64q8kv,prefill,65536,1,token,reduced,128,ok,sgl_fa3,13.158495903015137,7.29088020324707,7.29088020324707,18.354175567626953,0.39723278097582904
64q8kv,prefill,65536,8,token,identical,64,ok,sgl_fa3,13.309247970581055,7.410719871520996,7.410719871520996,21.468896865844727,0.34518400818771694
64q8kv,prefill,65536,8,token,identical,128,ok,sgl_fa3,13.309247970581055,7.410719871520996,7.410719871520996,22.901504516601562,0.3235909617269416
64q8kv,prefill,65536,8,token,reduced,64,ok,sgl_fa3,13.309247970581055,7.410719871520996,7.410719871520996,17.031936645507812,0.43510729435901113
64q8kv,prefill,65536,8,token,reduced,128,ok,sgl_fa3,13.309247970581055,7.410719871520996,7.410719871520996,18.364416122436523,0.4035369173794222
64q8kv,prefill,65536,32,token,identical,64,ok,sgl_fa3,13.614336013793945,7.994912147521973,7.994912147521973,21.58790397644043,0.37034221368814113
64q8kv,prefill,65536,32,token,identical,128,ok,sgl_fa3,13.614336013793945,7.994912147521973,7.994912147521973,23.15727996826172,0.3452440078661839
64q8kv,prefill,65536,32,token,reduced,64,ok,sgl_fa3,13.614336013793945,7.994912147521973,7.994912147521973,17.09881591796875,0.4675710988338265
64q8kv,prefill,65536,32,token,reduced,128,ok,sgl_fa3,13.614336013793945,7.994912147521973,7.994912147521973,18.517759323120117,0.4317429559385203
64q8kv,prefill,131072,1,token,identical,64,ok,sgl_fa3,25.671903610229492,14.155008316040039,14.155008316040039,38.41948699951172,0.3684330380626878
64q8kv,prefill,131072,1,token,identical,128,ok,sgl_fa3,25.671903610229492,14.155008316040039,14.155008316040039,40.98851013183594,0.3453408838357798
64q8kv,prefill,131072,1,token,reduced,64,ok,sgl_fa3,25.671903610229492,14.155008316040039,14.155008316040039,31.972095489501953,0.4427300775667907
64q8kv,prefill,131072,1,token,reduced,128,ok,sgl_fa3,25.671903610229492,14.155008316040039,14.155008316040039,34.69126510620117,0.4080280229823555
64q8kv,prefill,131072,8,token,identical,64,ok,sgl_fa3,26.19273567199707,14.891136169433594,14.891136169433594,38.08278274536133,0.3910201696394523
64q8kv,prefill,131072,8,token,identical,128,ok,sgl_fa3,26.19273567199707,14.891136169433594,14.891136169433594,41.57241439819336,0.35819753038160634
64q8kv,prefill,131072,8,token,reduced,64,ok,sgl_fa3,26.19273567199707,14.891136169433594,14.891136169433594,31.94438362121582,0.46615819375346046
64q8kv,prefill,131072,8,token,reduced,128,ok,sgl_fa3,26.19273567199707,14.891136169433594,14.891136169433594,34.8520622253418,0.4272670028290573
64q8kv,prefill,131072,32,token,identical,64,ok,sgl_fa3,26.63711929321289,15.568927764892578,15.568927764892578,38.77436828613281,0.40152627761728404
64q8kv,prefill,131072,32,token,identical,128,ok,sgl_fa3,26.63711929321289,15.568927764892578,15.568927764892578,41.466495513916016,0.375458007047345
64q8kv,prefill,131072,32,token,reduced,64,ok,sgl_fa3,26.63711929321289,15.568927764892578,15.568927764892578,31.77724838256836,0.4899394553441898
64q8kv,prefill,131072,32,token,reduced,128,ok,sgl_fa3,26.63711929321289,15.568927764892578,15.568927764892578,34.7523193359375,0.44799679740490567
64q8kv,prefill,524288,1,token,identical,64,ok,sgl_fa3,101.14800262451172,56.116127014160156,56.116127014160156,145.6005096435547,0.38541161120615797
64q8kv,prefill,524288,1,token,identical,128,ok,sgl_fa3,101.14800262451172,56.116127014160156,56.116127014160156,159.85548400878906,0.35104286451051514
64q8kv,prefill,524288,1,token,reduced,64,ok,sgl_fa3,101.14800262451172,56.116127014160156,56.116127014160156,128.99081420898438,0.43503971471366676
64q8kv,prefill,524288,1,token,reduced,128,ok,sgl_fa3,101.14800262451172,56.116127014160156,56.116127014160156,141.12136840820312,0.3976444364672007
64q8kv,prefill,524288,8,token,identical,64,ok,sgl_fa3,103.08153533935547,58.247840881347656,58.247840881347656,149.88150024414062,0.38862595307938785
64q8kv,prefill,524288,8,token,identical,128,ok,sgl_fa3,103.08153533935547,58.247840881347656,58.247840881347656,161.88150024414062,0.3598177728369302
64q8kv,prefill,524288,8,token,reduced,64,ok,sgl_fa3,103.08153533935547,58.247840881347656,58.247840881347656,129.1617889404297,0.45096805610374413
64q8kv,prefill,524288,8,token,reduced,128,ok,sgl_fa3,103.08153533935547,58.247840881347656,58.247840881347656,141.22659301757812,0.4124424418713952
64q8kv,prefill,524288,32,token,identical,64,ok,sgl_fa3,107.0551986694336,61.72412872314453,61.72412872314453,144.6886749267578,0.426599585312324
64q8kv,prefill,524288,32,token,identical,128,ok,sgl_fa3,107.0551986694336,61.72412872314453,61.72412872314453,161.8508758544922,0.3813641934111991
64q8kv,prefill,524288,32,token,reduced,64,ok,sgl_fa3,107.0551986694336,61.72412872314453,61.72412872314453,129.18826293945312,0.4777843382883233
64q8kv,prefill,524288,32,token,reduced,128,ok,sgl_fa3,107.0551986694336,61.72412872314453,61.72412872314453,141.23989868164062,0.43701623478414375
64q8kv,prefill,1048576,1,token,identical,64,ok,sgl_fa3,204.5557403564453,112.85078430175781,112.85078430175781,275.3135681152344,0.40989910186527145
64q8kv,prefill,1048576,1,token,identical,128,ok,sgl_fa3,204.5557403564453,112.85078430175781,112.85078430175781,294.6575927734375,0.3829895684667759
64q8kv,prefill,1048576,1,token,reduced,64,ok,sgl_fa3,204.5557403564453,112.85078430175781,112.85078430175781,237.36883544921875,0.47542376019239657
64q8kv,prefill,1048576,1,token,reduced,128,ok,sgl_fa3,204.5557403564453,112.85078430175781,112.85078430175781,261.6482238769531,0.43130728208126046
64q8kv,prefill,1048576,8,token,identical,64,ok,sgl_fa3,207.1759033203125,116.21907043457031,116.21907043457031,269.91400146484375,0.43057814638677727
64q8kv,prefill,1048576,8,token,identical,128,ok,sgl_fa3,207.1759033203125,116.21907043457031,116.21907043457031,302.6609191894531,0.3839910046722022
64q8kv,prefill,1048576,8,token,reduced,64,ok,sgl_fa3,207.1759033203125,116.21907043457031,116.21907043457031,237.36805725097656,0.4896154595548141
64q8kv,prefill,1048576,8,token,reduced,128,ok,sgl_fa3,207.1759033203125,116.21907043457031,116.21907043457031,261.6282043457031,0.44421460876214985
64q8kv,prefill,1048576,32,token,identical,64,oom,sgl_fa3,221.97532653808594,121.86287689208984,121.86287689208984,,
64q8kv,prefill,1048576,32,token,identical,128,oom,sgl_fa3,221.97532653808594,121.86287689208984,121.86287689208984,,
64q8kv,prefill,1048576,32,token,reduced,64,ok,sgl_fa3,221.97532653808594,121.86287689208984,121.86287689208984,238.4225311279297,0.5111214796503533
64q8kv,prefill,1048576,32,token,reduced,128,ok,sgl_fa3,221.97532653808594,121.86287689208984,121.86287689208984,262.4465026855469,0.4643341619914866
64q8kv,decode,16384,1,token,identical,64,ok,flashinfer_fa2,0.10771200060844421,0.10784000158309937,0.10771200060844421,0.1762239933013916,0.61122210767422
64q8kv,decode,16384,1,token,identical,128,ok,flashinfer_fa2,0.10771200060844421,0.10784000158309937,0.10771200060844421,0.19417600333690643,0.5547132434359449
64q8kv,decode,16384,1,token,reduced,64,ok,flashinfer_fa2,0.10771200060844421,0.10784000158309937,0.10771200060844421,0.16899199783802032,0.6373792959811428
64q8kv,decode,16384,1,token,reduced,128,ok,flashinfer_fa2,0.10771200060844421,0.10784000158309937,0.10771200060844421,0.1753920018672943,0.6141215076041018
64q8kv,decode,16384,8,token,identical,64,ok,flashinfer_fa2,0.20611199736595154,0.20902399718761444,0.20611199736595154,0.2661759853363037,0.7743448271846782
64q8kv,decode,16384,8,token,identical,128,ok,flashinfer_fa2,0.20611199736595154,0.20902399718761444,0.20611199736595154,0.30316799879074097,0.6798606653343334
64q8kv,decode,16384,8,token,reduced,64,ok,flashinfer_fa2,0.20611199736595154,0.20902399718761444,0.20611199736595154,0.23999999463558197,0.8588000082204741
64q8kv,decode,16384,8,token,reduced,128,ok,flashinfer_fa2,0.20611199736595154,0.20902399718761444,0.20611199736595154,0.26233598589897156,0.7856794661992256
64q8kv,decode,16384,32,token,identical,64,ok,sgl_fa3,0.5766400098800659,0.5680639743804932,0.5680639743804932,0.4644159972667694,1.22317917066536
64q8kv,decode,16384,32,token,identical,128,ok,sgl_fa3,0.5766400098800659,0.5680639743804932,0.5680639743804932,0.6249279975891113,0.909007080130844
64q8kv,decode,16384,32,token,reduced,64,ok,sgl_fa3,0.5766400098800659,0.5680639743804932,0.5680639743804932,0.43427199125289917,1.3080833805136651
64q8kv,decode,16384,32,token,reduced,128,ok,sgl_fa3,0.5766400098800659,0.5680639743804932,0.5680639743804932,0.5204799771308899,1.0914233003004397
64q8kv,decode,65536,1,token,identical,64,ok,flashinfer_fa2,0.14796799421310425,0.15187199413776398,0.14796799421310425,0.21952000260353088,0.6740524437781883
64q8kv,decode,65536,1,token,identical,128,ok,flashinfer_fa2,0.14796799421310425,0.15187199413776398,0.14796799421310425,0.2555199861526489,0.5790857945832363
64q8kv,decode,65536,1,token,reduced,64,ok,flashinfer_fa2,0.14796799421310425,0.15187199413776398,0.14796799421310425,0.25251200795173645,0.5859839910717668
64q8kv,decode,65536,1,token,reduced,128,ok,flashinfer_fa2,0.14796799421310425,0.15187199413776398,0.14796799421310425,0.26447999477386475,0.5594676237785757
64q8kv,decode,65536,8,token,identical,64,ok,sgl_fa3,0.567359983921051,0.5672000050544739,0.5672000050544739,0.39161598682403564,1.4483576364039836
64q8kv,decode,65536,8,token,identical,128,ok,sgl_fa3,0.567359983921051,0.5672000050544739,0.5672000050544739,0.5924800038337708,0.9573318953961025
64q8kv,decode,65536,8,token,reduced,64,ok,sgl_fa3,0.567359983921051,0.5672000050544739,0.5672000050544739,0.3903360068798065,1.453107054069772
64q8kv,decode,65536,8,token,reduced,128,ok,sgl_fa3,0.567359983921051,0.5672000050544739,0.5672000050544739,0.4782719910144806,1.1859360692466325
64q8kv,decode,65536,32,token,identical,64,ok,sgl_fa3,2.0224640369415283,2.002527952194214,2.002527952194214,0.959168016910553,2.0877759859469536
64q8kv,decode,65536,32,token,identical,128,ok,sgl_fa3,2.0224640369415283,2.002527952194214,2.002527952194214,1.4786239862442017,1.3543185900025614
64q8kv,decode,65536,32,token,reduced,64,ok,sgl_fa3,2.0224640369415283,2.002527952194214,2.002527952194214,0.8644160032272339,2.316625264592421
64q8kv,decode,65536,32,token,reduced,128,ok,sgl_fa3,2.0224640369415283,2.002527952194214,2.002527952194214,1.2031359672546387,1.6644236451210566
64q8kv,decode,131072,1,token,identical,64,ok,sgl_fa3,0.22915199398994446,0.21503999829292297,0.21503999829292297,0.2629440128803253,0.817816674878218
64q8kv,decode,131072,1,token,identical,128,ok,sgl_fa3,0.22915199398994446,0.21503999829292297,0.21503999829292297,0.3105599880218506,0.6924266054447202
64q8kv,decode,131072,1,token,reduced,64,ok,sgl_fa3,0.22915199398994446,0.21503999829292297,0.21503999829292297,0.3417600095272064,0.6292134606105936
64q8kv,decode,131072,1,token,reduced,128,ok,sgl_fa3,0.22915199398994446,0.21503999829292297,0.21503999829292297,0.36345601081848145,0.5916534378085139
64q8kv,decode,131072,8,token,identical,64,ok,sgl_fa3,1.0476160049438477,1.0441279411315918,1.0441279411315918,0.545087993144989,1.9155218134732646
64q8kv,decode,131072,8,token,identical,128,ok,sgl_fa3,1.0476160049438477,1.0441279411315918,1.0441279411315918,0.834879994392395,1.2506323641057926
64q8kv,decode,131072,8,token,reduced,64,ok,sgl_fa3,1.0476160049438477,1.0441279411315918,1.0441279411315918,0.5715519785881042,1.8268293702890932
64q8kv,decode,131072,8,token,reduced,128,ok,sgl_fa3,1.0476160049438477,1.0441279411315918,1.0441279411315918,0.7397119998931885,1.4115330578419165
64q8kv,decode,131072,32,token,identical,64,ok,sgl_fa3,3.959552049636841,3.931488037109375,3.931488037109375,1.5131200551986694,2.5982657645715883
64q8kv,decode,131072,32,token,identical,128,ok,sgl_fa3,3.959552049636841,3.931488037109375,3.931488037109375,2.688096046447754,1.4625548972867728
64q8kv,decode,131072,32,token,reduced,64,ok,sgl_fa3,3.959552049636841,3.931488037109375,3.931488037109375,1.4482879638671875,2.714576199757678
64q8kv,decode,131072,32,token,reduced,128,ok,sgl_fa3,3.959552049636841,3.931488037109375,3.931488037109375,2.131648063659668,1.84434199253309
64q8kv,decode,524288,1,token,identical,64,ok,sgl_fa3,0.6328319907188416,0.598143994808197,0.598143994808197,0.46345600485801697,1.290616560230874
64q8kv,decode,524288,1,token,identical,128,ok,sgl_fa3,0.6328319907188416,0.598143994808197,0.598143994808197,0.6067839860916138,0.985761009714399
64q8kv,decode,524288,1,token,reduced,64,ok,sgl_fa3,0.6328319907188416,0.598143994808197,0.598143994808197,0.8782079815864563,0.6810960585073116
64q8kv,decode,524288,1,token,reduced,128,ok,sgl_fa3,0.6328319907188416,0.598143994808197,0.598143994808197,0.9610239863395691,0.6224027738230129
64q8kv,decode,524288,8,token,identical,64,ok,sgl_fa3,3.921312093734741,3.917695999145508,3.917695999145508,1.4872959852218628,2.6341064845684348
64q8kv,decode,524288,8,token,identical,128,ok,sgl_fa3,3.921312093734741,3.917695999145508,3.917695999145508,2.595423936843872,1.5094628447904221
64q8kv,decode,524288,8,token,reduced,64,ok,sgl_fa3,3.921312093734741,3.917695999145508,3.917695999145508,1.7222399711608887,2.2747677819280643
64q8kv,decode,524288,8,token,reduced,128,ok,sgl_fa3,3.921312093734741,3.917695999145508,3.917695999145508,2.3946878910064697,1.6359944082311824
64q8kv,decode,524288,32,token,identical,64,ok,sgl_fa3,15.600319862365723,15.530336380004883,15.530336380004883,5.070015907287598,3.0631731071458197
64q8kv,decode,524288,32,token,identical,128,ok,sgl_fa3,15.600319862365723,15.530336380004883,15.530336380004883,9.503040313720703,1.6342492368028614
64q8kv,decode,524288,32,token,reduced,64,ok,sgl_fa3,15.600319862365723,15.530336380004883,15.530336380004883,5.04966402053833,3.075518750720615
64q8kv,decode,524288,32,token,reduced,128,ok,sgl_fa3,15.600319862365723,15.530336380004883,15.530336380004883,7.726240158081055,2.0100768371484468
64q8kv,decode,1048576,1,token,identical,64,ok,flashinfer_fa2,1.1756479740142822,1.237887978553772,1.1756479740142822,0.7351679801940918,1.5991555748985413
64q8kv,decode,1048576,1,token,identical,128,ok,flashinfer_fa2,1.1756479740142822,1.237887978553772,1.1756479740142822,1.024191975593567,1.1478785247589345
64q8kv,decode,1048576,1,token,reduced,64,ok,flashinfer_fa2,1.1756479740142822,1.237887978553772,1.1756479740142822,1.6152960062026978,0.7278220025926037
64q8kv,decode,1048576,1,token,reduced,128,ok,flashinfer_fa2,1.1756479740142822,1.237887978553772,1.1756479740142822,1.7732160091400146,0.6630032483095251
64q8kv,decode,1048576,8,token,identical,64,ok,flashinfer_fa2,7.761568069458008,7.7784318923950195,7.761568069458008,3.6506240367889404,2.126093509285339
64q8kv,decode,1048576,8,token,identical,128,ok,flashinfer_fa2,7.761568069458008,7.7784318923950195,7.761568069458008,5.881440162658691,1.3196713483095965
64q8kv,decode,1048576,8,token,reduced,64,ok,flashinfer_fa2,7.761568069458008,7.7784318923950195,7.761568069458008,3.238976001739502,2.3963030492629875
64q8kv,decode,1048576,8,token,reduced,128,ok,flashinfer_fa2,7.761568069458008,7.7784318923950195,7.761568069458008,4.579232215881348,1.6949496560886175
64q8kv,decode,1048576,32,token,identical,64,oom,flashinfer_fa2,30.944704055786133,32.023712158203125,30.944704055786133,,
64q8kv,decode,1048576,32,token,identical,128,oom,flashinfer_fa2,30.944704055786133,32.023712158203125,30.944704055786133,,
64q8kv,decode,1048576,32,token,reduced,64,ok,flashinfer_fa2,30.944704055786133,32.023712158203125,30.944704055786133,12.638303756713867,2.4484855445373612
64q8kv,decode,1048576,32,token,reduced,128,ok,flashinfer_fa2,30.944704055786133,32.023712158203125,30.944704055786133,18.024831771850586,1.7167818511411872
64q4kv,prefill,16384,1,token,identical,64,ok,sgl_fa3,3.49183988571167,1.9741120338439941,1.9741120338439941,5.545536041259766,0.35598218443740204
64q4kv,prefill,16384,1,token,identical,128,ok,sgl_fa3,3.49183988571167,1.9741120338439941,1.9741120338439941,6.397727966308594,0.30856454732679595
64q4kv,prefill,16384,1,token,reduced,64,ok,sgl_fa3,3.49183988571167,1.9741120338439941,1.9741120338439941,4.4904961585998535,0.43962002507525283
64q4kv,prefill,16384,1,token,reduced,128,ok,sgl_fa3,3.49183988571167,1.9741120338439941,1.9741120338439941,4.675072193145752,0.42226343300928965
64q4kv,prefill,16384,8,token,identical,64,ok,sgl_fa3,3.583456039428711,2.0722239017486572,2.0722239017486572,5.582880020141602,0.3711747152495852
64q4kv,prefill,16384,8,token,identical,128,ok,sgl_fa3,3.583456039428711,2.0722239017486572,2.0722239017486572,6.4352641105651855,0.32201070012752925
64q4kv,prefill,16384,8,token,reduced,64,ok,sgl_fa3,3.583456039428711,2.0722239017486572,2.0722239017486572,4.541823863983154,0.4562536909855699
64q4kv,prefill,16384,8,token,reduced,128,ok,sgl_fa3,3.583456039428711,2.0722239017486572,2.0722239017486572,4.734816074371338,0.4376566838499203
64q4kv,prefill,16384,32,token,identical,64,ok,sgl_fa3,3.7495040893554688,2.1131839752197266,2.1131839752197266,5.636384010314941,0.3749183823090239
64q4kv,prefill,16384,32,token,identical,128,ok,sgl_fa3,3.7495040893554688,2.1131839752197266,2.1131839752197266,6.525951862335205,0.3238123755426474
64q4kv,prefill,16384,32,token,reduced,64,ok,sgl_fa3,3.7495040893554688,2.1131839752197266,2.1131839752197266,4.616703987121582,0.45772568072687986
64q4kv,prefill,16384,32,token,reduced,128,ok,sgl_fa3,3.7495040893554688,2.1131839752197266,2.1131839752197266,4.798399925231934,0.44039346618604003
64q4kv,prefill,65536,1,token,identical,64,ok,sgl_fa3,12.951359748840332,7.167679786682129,7.167679786682129,12.000960350036621,0.5972588507602441
64q4kv,prefill,65536,1,token,identical,128,ok,sgl_fa3,12.951359748840332,7.167679786682129,7.167679786682129,14.86569595336914,0.4821624099649136
64q4kv,prefill,65536,1,token,reduced,64,ok,sgl_fa3,12.951359748840332,7.167679786682129,7.167679786682129,8.723967552185059,0.821607799869323
64q4kv,prefill,65536,1,token,reduced,128,ok,sgl_fa3,12.951359748840332,7.167679786682129,7.167679786682129,9.382975578308105,0.763902636947348
64q4kv,prefill,65536,8,token,identical,64,ok,sgl_fa3,13.36400032043457,7.725247859954834,7.725247859954834,12.00278377532959,0.6436213468939794
64q4kv,prefill,65536,8,token,identical,128,ok,sgl_fa3,13.36400032043457,7.725247859954834,7.725247859954834,14.79593563079834,0.5221195909959501
64q4kv,prefill,65536,8,token,reduced,64,ok,sgl_fa3,13.36400032043457,7.725247859954834,7.725247859954834,8.660703659057617,0.8919884762337462
64q4kv,prefill,65536,8,token,reduced,128,ok,sgl_fa3,13.36400032043457,7.725247859954834,7.725247859954834,9.399744033813477,0.8218572582577762
64q4kv,prefill,65536,32,token,identical,64,ok,sgl_fa3,13.41379165649414,7.815807819366455,7.815807819366455,12.111807823181152,0.6453048077932302
64q4kv,prefill,65536,32,token,identical,128,ok,sgl_fa3,13.41379165649414,7.815807819366455,7.815807819366455,15.121472358703613,0.5168681748684237
64q4kv,prefill,65536,32,token,reduced,64,ok,sgl_fa3,13.41379165649414,7.815807819366455,7.815807819366455,8.84598445892334,0.8835430195089593
64q4kv,prefill,65536,32,token,reduced,128,ok,sgl_fa3,13.41379165649414,7.815807819366455,7.815807819366455,9.488256454467773,0.8237348828915975
64q4kv,prefill,131072,1,token,identical,64,ok,sgl_fa3,25.64575958251953,14.085984230041504,14.085984230041504,21.042240142822266,0.6694146694664724
64q4kv,prefill,131072,1,token,identical,128,ok,sgl_fa3,25.64575958251953,14.085984230041504,14.085984230041504,26.841888427734375,0.5247762007492425
64q4kv,prefill,131072,1,token,reduced,64,ok,sgl_fa3,25.64575958251953,14.085984230041504,14.085984230041504,15.984383583068848,0.8812341218438859
64q4kv,prefill,131072,1,token,reduced,128,ok,sgl_fa3,25.64575958251953,14.085984230041504,14.085984230041504,17.5798397064209,0.8012578308604662
64q4kv,prefill,131072,8,token,identical,64,ok,sgl_fa3,25.911104202270508,14.503680229187012,14.503680229187012,21.038591384887695,0.6893845678092879
64q4kv,prefill,131072,8,token,identical,128,ok,sgl_fa3,25.911104202270508,14.503680229187012,14.503680229187012,26.70377540588379,0.5431321979285123
64q4kv,prefill,131072,8,token,reduced,64,ok,sgl_fa3,25.911104202270508,14.503680229187012,14.503680229187012,16.06470489501953,0.9028289236538372
64q4kv,prefill,131072,8,token,reduced,128,ok,sgl_fa3,25.911104202270508,14.503680229187012,14.503680229187012,17.534528732299805,0.8271497027730342
64q4kv,prefill,131072,32,token,identical,64,ok,sgl_fa3,26.30124855041504,14.996064186096191,14.996064186096191,21.244415283203125,0.7058826513315626
64q4kv,prefill,131072,32,token,identical,128,ok,sgl_fa3,26.30124855041504,14.996064186096191,14.996064186096191,27.168319702148438,0.5519687765198935
64q4kv,prefill,131072,32,token,reduced,64,ok,sgl_fa3,26.30124855041504,14.996064186096191,14.996064186096191,16.10268783569336,0.9312770848637942
64q4kv,prefill,131072,32,token,reduced,128,ok,sgl_fa3,26.30124855041504,14.996064186096191,14.996064186096191,17.523967742919922,0.8557459364278355
64q4kv,prefill,524288,1,token,identical,64,ok,sgl_fa3,101.91398620605469,56.63817596435547,56.63817596435547,71.81916809082031,0.78862199980836
64q4kv,prefill,524288,1,token,identical,128,ok,sgl_fa3,101.91398620605469,56.63817596435547,56.63817596435547,95.72966766357422,0.5916470551574543
64q4kv,prefill,524288,1,token,reduced,64,ok,sgl_fa3,101.91398620605469,56.63817596435547,56.63817596435547,64.73283386230469,0.8749528266417684
64q4kv,prefill,524288,1,token,reduced,128,ok,sgl_fa3,101.91398620605469,56.63817596435547,56.63817596435547,70.81251525878906,0.7998328509779306
64q4kv,prefill,524288,8,token,identical,64,ok,sgl_fa3,102.5633316040039,57.51340866088867,57.51340866088867,71.68073272705078,0.8023552002445469
64q4kv,prefill,524288,8,token,identical,128,ok,sgl_fa3,102.5633316040039,57.51340866088867,57.51340866088867,95.70038604736328,0.600973632775364
64q4kv,prefill,524288,8,token,reduced,64,ok,sgl_fa3,102.5633316040039,57.51340866088867,57.51340866088867,64.76060485839844,0.8880925183858915
64q4kv,prefill,524288,8,token,reduced,128,ok,sgl_fa3,102.5633316040039,57.51340866088867,57.51340866088867,70.72191619873047,0.8132331779483245
64q4kv,prefill,524288,32,token,identical,64,ok,sgl_fa3,105.11968231201172,59.471839904785156,59.471839904785156,72.16806030273438,0.8240742463537132
64q4kv,prefill,524288,32,token,identical,128,ok,sgl_fa3,105.11968231201172,59.471839904785156,59.471839904785156,95.50141143798828,0.6227325754593886
64q4kv,prefill,524288,32,token,reduced,64,ok,sgl_fa3,105.11968231201172,59.471839904785156,59.471839904785156,64.71347045898438,0.9190024809823577
64q4kv,prefill,524288,32,token,reduced,128,ok,sgl_fa3,105.11968231201172,59.471839904785156,59.471839904785156,70.75997161865234,0.8404729191427257
64q4kv,prefill,1048576,1,token,identical,64,ok,sgl_fa3,205.25926208496094,113.04550170898438,113.04550170898438,165.96188354492188,0.6811534027835113
64q4kv,prefill,1048576,1,token,identical,128,ok,sgl_fa3,205.25926208496094,113.04550170898438,113.04550170898438,213.6829071044922,0.5290339000007355
64q4kv,prefill,1048576,1,token,reduced,64,ok,sgl_fa3,205.25926208496094,113.04550170898438,113.04550170898438,216.22393798828125,0.5228167739462368
64q4kv,prefill,1048576,1,token,reduced,128,ok,sgl_fa3,205.25926208496094,113.04550170898438,113.04550170898438,229.06533813476562,0.4935076717826095
64q4kv,prefill,1048576,8,token,identical,64,ok,sgl_fa3,206.53363037109375,115.40982055664062,115.40982055664062,161.67762756347656,0.7138267817006986
64q4kv,prefill,1048576,8,token,identical,128,ok,sgl_fa3,206.53363037109375,115.40982055664062,115.40982055664062,213.08079528808594,0.5416246940537564
64q4kv,prefill,1048576,8,token,reduced,64,ok,sgl_fa3,206.53363037109375,115.40982055664062,115.40982055664062,216.20338439941406,0.5338020997091912
64q4kv,prefill,1048576,8,token,reduced,128,ok,sgl_fa3,206.53363037109375,115.40982055664062,115.40982055664062,229.09129333496094,0.5037721812845005
64q4kv,prefill,1048576,32,token,identical,64,ok,sgl_fa3,212.52085876464844,118.82723236083984,118.82723236083984,163.6230010986328,0.7262257235412163
64q4kv,prefill,1048576,32,token,identical,128,ok,sgl_fa3,212.52085876464844,118.82723236083984,118.82723236083984,211.30374145507812,0.5623527134094868
64q4kv,prefill,1048576,32,token,reduced,64,ok,sgl_fa3,212.52085876464844,118.82723236083984,118.82723236083984,215.84991455078125,0.5505085911576042
64q4kv,prefill,1048576,32,token,reduced,128,ok,sgl_fa3,212.52085876464844,118.82723236083984,118.82723236083984,228.7907257080078,0.5193708442207228
64q4kv,decode,16384,1,token,identical,64,ok,sgl_fa3,0.09750399738550186,0.09334400296211243,0.09334400296211243,0.16595199704170227,0.5624759245208475
64q4kv,decode,16384,1,token,identical,128,ok,sgl_fa3,0.09750399738550186,0.09334400296211243,0.09334400296211243,0.18035200238227844,0.517565658984247
64q4kv,decode,16384,1,token,reduced,64,ok,sgl_fa3,0.09750399738550186,0.09334400296211243,0.09334400296211243,0.1582079976797104,0.5900081179908863
64q4kv,decode,16384,1,token,reduced,128,ok,sgl_fa3,0.09750399738550186,0.09334400296211243,0.09334400296211243,0.1708800047636032,0.546254683754517
64q4kv,decode,16384,8,token,identical,64,ok,sgl_fa3,0.14630399644374847,0.1456640064716339,0.1456640064716339,0.23068800568580627,0.6314329435489862
64q4kv,decode,16384,8,token,identical,128,ok,sgl_fa3,0.14630399644374847,0.1456640064716339,0.1456640064716339,0.26131200790405273,0.5574332677628734
64q4kv,decode,16384,8,token,reduced,64,ok,sgl_fa3,0.14630399644374847,0.1456640064716339,0.1456640064716339,0.2226880043745041,0.6541169870410461
64q4kv,decode,16384,8,token,reduced,128,ok,sgl_fa3,0.14630399644374847,0.1456640064716339,0.1456640064716339,0.23507200181484222,0.6196569789130746
64q4kv,decode,16384,32,token,identical,64,ok,sgl_fa3,0.33228799700737,0.32582399249076843,0.32582399249076843,0.3275519907474518,0.9947245069317388
64q4kv,decode,16384,32,token,identical,128,ok,sgl_fa3,0.33228799700737,0.32582399249076843,0.32582399249076843,0.4099520146846771,0.7947856842254637
64q4kv,decode,16384,32,token,reduced,64,ok,sgl_fa3,0.33228799700737,0.32582399249076843,0.32582399249076843,0.308351993560791,1.0566625132797556
64q4kv,decode,16384,32,token,reduced,128,ok,sgl_fa3,0.33228799700737,0.32582399249076843,0.32582399249076843,0.35443198680877686,0.9192849534389146
64q4kv,decode,65536,1,token,identical,64,ok,flashinfer_fa2,0.11532799899578094,0.11923199892044067,0.11532799899578094,0.20374399423599243,0.5660436737202615
64q4kv,decode,65536,1,token,identical,128,ok,flashinfer_fa2,0.11532799899578094,0.11923199892044067,0.11532799899578094,0.225600004196167,0.5112056597990985
64q4kv,decode,65536,1,token,reduced,64,ok,flashinfer_fa2,0.11532799899578094,0.11923199892044067,0.11532799899578094,0.2362239956855774,0.4882145806613425
64q4kv,decode,65536,1,token,reduced,128,ok,flashinfer_fa2,0.11532799899578094,0.11923199892044067,0.11532799899578094,0.2446720004081726,0.47135756769628606
64q4kv,decode,65536,8,token,identical,64,ok,flashinfer_fa2,0.3245120048522949,0.3245120048522949,0.3245120048522949,0.31059199571609497,1.0448176686076738
64q4kv,decode,65536,8,token,identical,128,ok,flashinfer_fa2,0.3245120048522949,0.3245120048522949,0.3245120048522949,0.38851198554039,0.8352689670588255
64q4kv,decode,65536,8,token,reduced,64,ok,flashinfer_fa2,0.3245120048522949,0.3245120048522949,0.3245120048522949,0.3264319896697998,0.9941182700278639
64q4kv,decode,65536,8,token,reduced,128,ok,flashinfer_fa2,0.3245120048522949,0.3245120048522949,0.3245120048522949,0.37164801359176636,0.8731702928156974
64q4kv,decode,65536,32,token,identical,64,ok,sgl_fa3,1.0544320344924927,1.0482560396194458,1.0482560396194458,0.5553920269012451,1.8874164353206269
64q4kv,decode,65536,32,token,identical,128,ok,sgl_fa3,1.0544320344924927,1.0482560396194458,1.0482560396194458,0.8498560190200806,1.2334513331189072
64q4kv,decode,65536,32,token,reduced,64,ok,sgl_fa3,1.0544320344924927,1.0482560396194458,1.0482560396194458,0.526528000831604,1.9908837478041412
64q4kv,decode,65536,32,token,reduced,128,ok,sgl_fa3,1.0544320344924927,1.0482560396194458,1.0482560396194458,0.7068799734115601,1.4829335658787006
64q4kv,decode,131072,1,token,identical,64,ok,flashinfer_fa2,0.14364799857139587,0.15136000514030457,0.14364799857139587,0.23680000007152557,0.6066216154054346
64q4kv,decode,131072,1,token,identical,128,ok,flashinfer_fa2,0.14364799857139587,0.15136000514030457,0.14364799857139587,0.2664639949798584,0.5390897129732443
64q4kv,decode,131072,1,token,reduced,64,ok,flashinfer_fa2,0.14364799857139587,0.15136000514030457,0.14364799857139587,0.319487988948822,0.4496194021065577
64q4kv,decode,131072,1,token,reduced,128,ok,flashinfer_fa2,0.14364799857139587,0.15136000514030457,0.14364799857139587,0.22198399901390076,0.647109698039094
64q4kv,decode,131072,8,token,identical,64,ok,sgl_fa3,0.5692480206489563,0.5651839971542358,0.5651839971542358,0.3858239948749542,1.464875188328845
64q4kv,decode,131072,8,token,identical,128,ok,sgl_fa3,0.5692480206489563,0.5651839971542358,0.5651839971542358,0.5399680137634277,1.0466990316983031
64q4kv,decode,131072,8,token,reduced,64,ok,sgl_fa3,0.5692480206489563,0.5651839971542358,0.5651839971542358,0.445279985666275,1.2692777922828662
64q4kv,decode,131072,8,token,reduced,128,ok,sgl_fa3,0.5692480206489563,0.5651839971542358,0.5651839971542358,0.5468479990959167,1.033530337659886
64q4kv,decode,131072,32,token,identical,64,ok,sgl_fa3,2.0106239318847656,2.0070080757141113,2.0070080757141113,0.8603839874267578,2.332688782036361
64q4kv,decode,131072,32,token,identical,128,ok,sgl_fa3,2.0106239318847656,2.0070080757141113,2.0070080757141113,1.4317760467529297,1.4017611764533486
64q4kv,decode,131072,32,token,reduced,64,ok,sgl_fa3,2.0106239318847656,2.0070080757141113,2.0070080757141113,0.8096320033073425,2.4789139603122083
64q4kv,decode,131072,32,token,reduced,128,ok,sgl_fa3,2.0106239318847656,2.0070080757141113,2.0070080757141113,1.1743040084838867,1.7091043385820568
64q4kv,decode,524288,1,token,identical,64,ok,sgl_fa3,0.35977599024772644,0.3424000144004822,0.3424000144004822,0.37910398840904236,0.9031823058296141
64q4kv,decode,524288,1,token,identical,128,ok,sgl_fa3,0.35977599024772644,0.3424000144004822,0.3424000144004822,0.4742720127105713,0.7219485974801444
64q4kv,decode,524288,1,token,reduced,64,ok,sgl_fa3,0.35977599024772644,0.3424000144004822,0.3424000144004822,0.8175039887428284,0.41883589452209374
64q4kv,decode,524288,1,token,reduced,128,ok,sgl_fa3,0.35977599024772644,0.3424000144004822,0.3424000144004822,0.8616319894790649,0.3973854482903939
64q4kv,decode,524288,8,token,identical,64,ok,sgl_fa3,2.004672050476074,2.000704050064087,2.000704050064087,0.9394239783287048,2.1297136290085623
64q4kv,decode,524288,8,token,identical,128,ok,sgl_fa3,2.004672050476074,2.000704050064087,2.000704050064087,1.5047039985656738,1.3296329723129694
64q4kv,decode,524288,8,token,reduced,64,ok,sgl_fa3,2.004672050476074,2.000704050064087,2.000704050064087,1.2563199996948242,1.5925115022845158
64q4kv,decode,524288,8,token,reduced,128,ok,sgl_fa3,2.004672050476074,2.000704050064087,2.000704050064087,1.617408037185669,1.2369816422733764
64q4kv,decode,524288,32,token,identical,64,ok,flashinfer_fa2,7.781599998474121,7.819712162017822,7.781599998474121,2.61625599861145,2.9743266723914332
64q4kv,decode,524288,32,token,identical,128,ok,flashinfer_fa2,7.781599998474121,7.819712162017822,7.781599998474121,4.866112232208252,1.5991410857662884
64q4kv,decode,524288,32,token,reduced,64,ok,flashinfer_fa2,7.781599998474121,7.819712162017822,7.781599998474121,2.6118080615997314,2.9793919824674613
64q4kv,decode,524288,32,token,reduced,128,ok,flashinfer_fa2,7.781599998474121,7.819712162017822,7.781599998474121,4.032576084136963,1.9296846075849081
64q4kv,decode,1048576,1,token,identical,64,ok,sgl_fa3,0.6338880062103271,0.6047359704971313,0.6047359704971313,0.5906559824943542,1.0238378826594068
64q4kv,decode,1048576,1,token,identical,128,ok,sgl_fa3,0.6338880062103271,0.6047359704971313,0.6047359704971313,0.7308160066604614,0.8274804670200565
64q4kv,decode,1048576,1,token,reduced,64,ok,sgl_fa3,0.6338880062103271,0.6047359704971313,0.6047359704971313,1.471776008605957,0.4108885910363002
64q4kv,decode,1048576,1,token,reduced,128,ok,sgl_fa3,0.6338880062103271,0.6047359704971313,0.6047359704971313,1.5593600273132324,0.3878103580345635
64q4kv,decode,1048576,8,token,identical,64,ok,sgl_fa3,3.920351982116699,3.9114561080932617,3.9114561080932617,1.6297600269317627,2.4000196614572094
64q4kv,decode,1048576,8,token,identical,128,ok,sgl_fa3,3.920351982116699,3.9114561080932617,3.9114561080932617,2.7557759284973145,1.4193665267357651
64q4kv,decode,1048576,8,token,reduced,64,ok,sgl_fa3,3.920351982116699,3.9114561080932617,3.9114561080932617,2.4096319675445557,1.6232587219861143
64q4kv,decode,1048576,8,token,reduced,128,ok,sgl_fa3,3.920351982116699,3.9114561080932617,3.9114561080932617,3.143455982208252,1.2443171242835396
64q4kv,decode,1048576,32,token,identical,64,ok,flashinfer_fa2,15.505151748657227,15.586400032043457,15.505151748657227,5.411808013916016,2.8650594604958295
64q4kv,decode,1048576,32,token,identical,128,ok,flashinfer_fa2,15.505151748657227,15.586400032043457,15.505151748657227,9.980159759521484,1.55359754976514
64q4kv,decode,1048576,32,token,reduced,64,ok,flashinfer_fa2,15.505151748657227,15.586400032043457,15.505151748657227,6.467711925506592,2.397316381317148
64q4kv,decode,1048576,32,token,reduced,128,ok,flashinfer_fa2,15.505151748657227,15.586400032043457,15.505151748657227,9.34335994720459,1.6594835087452842
48q4kv,prefill,16384,1,two_stage,identical,64,ok,sgl_fa3,2.641024112701416,1.4944640398025513,1.4944640398025513,7.758048057556152,0.19263402710517877
48q4kv,prefill,16384,1,two_stage,identical,128,ok,sgl_fa3,2.641024112701416,1.4944640398025513,1.4944640398025513,10.259200096130371,0.14567062010675105
48q4kv,prefill,16384,1,two_stage,reduced,64,ok,sgl_fa3,2.641024112701416,1.4944640398025513,1.4944640398025513,6.935999870300293,0.21546483099023597
48q4kv,prefill,16384,1,two_stage,reduced,128,ok,sgl_fa3,2.641024112701416,1.4944640398025513,1.4944640398025513,8.876031875610352,0.16837073826977283
48q4kv,prefill,16384,8,two_stage,identical,64,ok,sgl_fa3,2.7381439208984375,1.5685440301895142,1.5685440301895142,7.8579840660095215,0.1996115055735993
48q4kv,prefill,16384,8,two_stage,identical,128,ok,sgl_fa3,2.7381439208984375,1.5685440301895142,1.5685440301895142,10.46230411529541,0.1499233833106012
48q4kv,prefill,16384,8,two_stage,reduced,64,ok,sgl_fa3,2.7381439208984375,1.5685440301895142,1.5685440301895142,6.999392032623291,0.2240971819950542
48q4kv,prefill,16384,8,two_stage,reduced,128,ok,sgl_fa3,2.7381439208984375,1.5685440301895142,1.5685440301895142,9.002047538757324,0.17424302898160898
48q4kv,prefill,16384,32,two_stage,identical,64,ok,sgl_fa3,2.7760000228881836,1.6035200357437134,1.6035200357437134,7.962399959564209,0.20138652213992472
48q4kv,prefill,16384,32,two_stage,identical,128,ok,sgl_fa3,2.7760000228881836,1.6035200357437134,1.6035200357437134,10.550080299377441,0.15199126359619622
48q4kv,prefill,16384,32,two_stage,reduced,64,ok,sgl_fa3,2.7760000228881836,1.6035200357437134,1.6035200357437134,7.035039901733398,0.227933324919538
48q4kv,prefill,16384,32,two_stage,reduced,128,ok,sgl_fa3,2.7760000228881836,1.6035200357437134,1.6035200357437134,9.186240196228027,0.17455672848638734
48q4kv,prefill,65536,1,two_stage,identical,64,ok,sgl_fa3,9.636832237243652,4.829696178436279,4.829696178436279,8.316512107849121,0.5807357839205228
48q4kv,prefill,65536,1,two_stage,identical,128,ok,sgl_fa3,9.636832237243652,4.829696178436279,4.829696178436279,10.973888397216797,0.44010800945097905
48q4kv,prefill,65536,1,two_stage,reduced,64,ok,sgl_fa3,9.636832237243652,4.829696178436279,4.829696178436279,7.258495807647705,0.6653852680258642
48q4kv,prefill,65536,1,two_stage,reduced,128,ok,sgl_fa3,9.636832237243652,4.829696178436279,4.829696178436279,9.18553638458252,0.5257935929079429
48q4kv,prefill,65536,8,two_stage,identical,64,ok,sgl_fa3,9.853599548339844,5.643104076385498,5.643104076385498,8.331520080566406,0.6773198674211033
48q4kv,prefill,65536,8,two_stage,identical,128,ok,sgl_fa3,9.853599548339844,5.643104076385498,5.643104076385498,11.347264289855957,0.4973096538722755
48q4kv,prefill,65536,8,two_stage,reduced,64,ok,sgl_fa3,9.853599548339844,5.643104076385498,5.643104076385498,7.283552169799805,0.7747736193589458
48q4kv,prefill,65536,8,two_stage,reduced,128,ok,sgl_fa3,9.853599548339844,5.643104076385498,5.643104076385498,9.313119888305664,0.6059305736492723
48q4kv,prefill,65536,32,two_stage,identical,64,ok,sgl_fa3,10.266528129577637,5.7570881843566895,5.7570881843566895,8.753120422363281,0.6577183800245623
48q4kv,prefill,65536,32,two_stage,identical,128,ok,sgl_fa3,10.266528129577637,5.7570881843566895,5.7570881843566895,12.366720199584961,0.4655307220866777
48q4kv,prefill,65536,32,two_stage,reduced,64,ok,sgl_fa3,10.266528129577637,5.7570881843566895,5.7570881843566895,7.392416000366211,0.7787830371114789
48q4kv,prefill,65536,32,two_stage,reduced,128,ok,sgl_fa3,10.266528129577637,5.7570881843566895,5.7570881843566895,9.828960418701172,0.5857270697115543
48q4kv,prefill,131072,1,two_stage,identical,64,ok,sgl_fa3,19.034303665161133,10.526559829711914,10.526559829711914,8.418560028076172,1.2503990937411498
48q4kv,prefill,131072,1,two_stage,identical,128,ok,sgl_fa3,19.034303665161133,10.526559829711914,10.526559829711914,11.296128273010254,0.9318732556236048
48q4kv,prefill,131072,1,two_stage,reduced,64,ok,sgl_fa3,19.034303665161133,10.526559829711914,10.526559829711914,7.3157758712768555,1.4388849542317466
48q4kv,prefill,131072,1,two_stage,reduced,128,ok,sgl_fa3,19.034303665161133,10.526559829711914,10.526559829711914,9.256128311157227,1.1372530150671447
48q4kv,prefill,131072,8,two_stage,identical,64,ok,sgl_fa3,19.400800704956055,10.799936294555664,10.799936294555664,8.536064147949219,1.2652126445359877
48q4kv,prefill,131072,8,two_stage,identical,128,ok,sgl_fa3,19.400800704956055,10.799936294555664,10.799936294555664,11.850687980651855,0.9113341193514072
48q4kv,prefill,131072,8,two_stage,reduced,64,ok,sgl_fa3,19.400800704956055,10.799936294555664,10.799936294555664,7.356128215789795,1.4681549828582103
48q4kv,prefill,131072,8,two_stage,reduced,128,ok,sgl_fa3,19.400800704956055,10.799936294555664,10.799936294555664,9.450400352478027,1.1428019863437604
48q4kv,prefill,131072,32,two_stage,identical,64,ok,sgl_fa3,19.71228790283203,11.414624214172363,11.414624214172363,9.361056327819824,1.2193735209401109
48q4kv,prefill,131072,32,two_stage,identical,128,ok,sgl_fa3,19.71228790283203,11.414624214172363,11.414624214172363,13.19923210144043,0.8647945673238587
48q4kv,prefill,131072,32,two_stage,reduced,64,ok,sgl_fa3,19.71228790283203,11.414624214172363,11.414624214172363,7.52623987197876,1.5166436903865634
48q4kv,prefill,131072,32,two_stage,reduced,128,ok,sgl_fa3,19.71228790283203,11.414624214172363,11.414624214172363,10.356191635131836,1.102202876919538
48q4kv,prefill,524288,1,two_stage,identical,64,ok,sgl_fa3,75.75308990478516,43.332000732421875,43.332000732421875,9.09164810180664,4.766132635931123
48q4kv,prefill,524288,1,two_stage,identical,128,ok,sgl_fa3,75.75308990478516,43.332000732421875,43.332000732421875,12.652383804321289,3.4248092219287787
48q4kv,prefill,524288,1,two_stage,reduced,64,ok,sgl_fa3,75.75308990478516,43.332000732421875,43.332000732421875,7.5865278244018555,5.7117039224512824
48q4kv,prefill,524288,1,two_stage,reduced,128,ok,sgl_fa3,75.75308990478516,43.332000732421875,43.332000732421875,9.605631828308105,4.511103642835974
48q4kv,prefill,524288,8,two_stage,identical,64,ok,sgl_fa3,76.6072998046875,43.19375991821289,43.19375991821289,9.722432136535645,4.442690811478778
48q4kv,prefill,524288,8,two_stage,identical,128,ok,sgl_fa3,76.6072998046875,43.19375991821289,43.19375991821289,13.752063751220703,3.1408929379329553
48q4kv,prefill,524288,8,two_stage,reduced,64,ok,sgl_fa3,76.6072998046875,43.19375991821289,43.19375991821289,7.677087783813477,5.626320961091974
48q4kv,prefill,524288,8,two_stage,reduced,128,ok,sgl_fa3,76.6072998046875,43.19375991821289,43.19375991821289,10.425087928771973,4.1432513771901505
48q4kv,prefill,524288,32,two_stage,identical,64,ok,sgl_fa3,78.78387451171875,45.010719299316406,45.010719299316406,10.612447738647461,4.241313635439674
48q4kv,prefill,524288,32,two_stage,identical,128,ok,sgl_fa3,78.78387451171875,45.010719299316406,45.010719299316406,14.980544090270996,3.0046117836633375
48q4kv,prefill,524288,32,two_stage,reduced,64,ok,sgl_fa3,78.78387451171875,45.010719299316406,45.010719299316406,8.090399742126465,5.563472848559876
48q4kv,prefill,524288,32,two_stage,reduced,128,ok,sgl_fa3,78.78387451171875,45.010719299316406,45.010719299316406,11.331520080566406,3.9721695747166295
48q4kv,prefill,1048576,1,two_stage,identical,64,ok,sgl_fa3,153.62889099121094,83.63353729248047,83.63353729248047,9.87286376953125,8.471051484634359
48q4kv,prefill,1048576,1,two_stage,identical,128,ok,sgl_fa3,153.62889099121094,83.63353729248047,83.63353729248047,13.926719665527344,6.005257469172561
48q4kv,prefill,1048576,1,two_stage,reduced,64,ok,sgl_fa3,153.62889099121094,83.63353729248047,83.63353729248047,7.8633599281311035,10.635852619855566
48q4kv,prefill,1048576,1,two_stage,reduced,128,ok,sgl_fa3,153.62889099121094,83.63353729248047,83.63353729248047,10.110976219177246,8.271559093755432
48q4kv,prefill,1048576,8,two_stage,identical,64,ok,sgl_fa3,154.0010223388672,86.3216323852539,86.3216323852539,10.71504020690918,8.056118382980284
48q4kv,prefill,1048576,8,two_stage,identical,128,ok,sgl_fa3,154.0010223388672,86.3216323852539,86.3216323852539,15.105567932128906,5.714557226388783
48q4kv,prefill,1048576,8,two_stage,reduced,64,ok,sgl_fa3,154.0010223388672,86.3216323852539,86.3216323852539,8.073344230651855,10.692177853326111
48q4kv,prefill,1048576,8,two_stage,reduced,128,ok,sgl_fa3,154.0010223388672,86.3216323852539,86.3216323852539,11.128640174865723,7.756709807206563
48q4kv,prefill,1048576,32,two_stage,identical,64,ok,sgl_fa3,160.3795166015625,90.08306884765625,90.08306884765625,11.340864181518555,7.943227906252381
48q4kv,prefill,1048576,32,two_stage,identical,128,ok,sgl_fa3,160.3795166015625,90.08306884765625,90.08306884765625,15.927359580993652,5.655869599073639
48q4kv,prefill,1048576,32,two_stage,reduced,64,ok,sgl_fa3,160.3795166015625,90.08306884765625,90.08306884765625,8.536255836486816,10.55299543186265
48q4kv,prefill,1048576,32,two_stage,reduced,128,ok,sgl_fa3,160.3795166015625,90.08306884765625,90.08306884765625,11.816160202026367,7.6237176297091676
48q4kv,decode,16384,1,two_stage,identical,64,ok,sgl_fa3,0.08691199868917465,0.08627200126647949,0.08627200126647949,0.19971199333667755,0.43198207491245066
48q4kv,decode,16384,1,two_stage,identical,128,ok,sgl_fa3,0.08691199868917465,0.08627200126647949,0.08627200126647949,0.21401600539684296,0.4031100435993472
48q4kv,decode,16384,1,two_stage,reduced,64,ok,sgl_fa3,0.08691199868917465,0.08627200126647949,0.08627200126647949,0.20822399854660034,0.41432304570393647
48q4kv,decode,16384,1,two_stage,reduced,128,ok,sgl_fa3,0.08691199868917465,0.08627200126647949,0.08627200126647949,0.21478399634361267,0.4016686658928771
48q4kv,decode,16384,8,two_stage,identical,64,ok,flashinfer_fa2,0.1351040005683899,0.13872000575065613,0.1351040005683899,0.26787200570106506,0.5043602828701734
48q4kv,decode,16384,8,two_stage,identical,128,ok,flashinfer_fa2,0.1351040005683899,0.13872000575065613,0.1351040005683899,0.2959040105342865,0.4565804982651134
48q4kv,decode,16384,8,two_stage,reduced,64,ok,flashinfer_fa2,0.1351040005683899,0.13872000575065613,0.1351040005683899,0.2602880001068115,0.5190558170678201
48q4kv,decode,16384,8,two_stage,reduced,128,ok,flashinfer_fa2,0.1351040005683899,0.13872000575065613,0.1351040005683899,0.2746559977531433,0.49190260425268173
48q4kv,decode,16384,32,two_stage,identical,64,ok,sgl_fa3,0.3211840093135834,0.3192000091075897,0.3192000091075897,0.3699840009212494,0.8627400328468015
48q4kv,decode,16384,32,two_stage,identical,128,ok,sgl_fa3,0.3211840093135834,0.3192000091075897,0.3192000091075897,0.4440320134162903,0.7188671074676148
48q4kv,decode,16384,32,two_stage,reduced,64,ok,sgl_fa3,0.3211840093135834,0.3192000091075897,0.3192000091075897,0.3418880105018616,0.9336390844447342
48q4kv,decode,16384,32,two_stage,reduced,128,ok,sgl_fa3,0.3211840093135834,0.3192000091075897,0.3192000091075897,0.3909119963645935,0.8165520937604589
48q4kv,decode,65536,1,two_stage,identical,64,ok,flashinfer_fa2,0.11104000359773636,0.11404799669981003,0.11104000359773636,0.21827200055122375,0.5087230763328147
48q4kv,decode,65536,1,two_stage,identical,128,ok,flashinfer_fa2,0.11104000359773636,0.11404799669981003,0.11104000359773636,0.23296000063419342,0.4766483657943385
48q4kv,decode,65536,1,two_stage,reduced,64,ok,flashinfer_fa2,0.11104000359773636,0.11404799669981003,0.11104000359773636,0.21718400716781616,0.5112715482403671
48q4kv,decode,65536,1,two_stage,reduced,128,ok,flashinfer_fa2,0.11104000359773636,0.11404799669981003,0.11104000359773636,0.22166399657726288,0.5009383811187959
48q4kv,decode,65536,8,two_stage,identical,64,ok,flashinfer_fa2,0.3170880079269409,0.3176000118255615,0.3170880079269409,0.27667200565338135,1.1460791169605837
48q4kv,decode,65536,8,two_stage,identical,128,ok,flashinfer_fa2,0.3170880079269409,0.3176000118255615,0.3170880079269409,0.301472008228302,1.051799169648988
48q4kv,decode,65536,8,two_stage,reduced,64,ok,flashinfer_fa2,0.3170880079269409,0.3176000118255615,0.3170880079269409,0.27161601185798645,1.167412796314561
48q4kv,decode,65536,8,two_stage,reduced,128,ok,flashinfer_fa2,0.3170880079269409,0.3176000118255615,0.3170880079269409,0.28863999247550964,1.0985588144160066
48q4kv,decode,65536,32,two_stage,identical,64,ok,flashinfer_fa2,1.0306559801101685,1.0423040390014648,1.0306559801101685,0.39427199959754944,2.614073485213771
48q4kv,decode,65536,32,two_stage,identical,128,ok,flashinfer_fa2,1.0306559801101685,1.0423040390014648,1.0306559801101685,0.4580479860305786,2.250104817710875
48q4kv,decode,65536,32,two_stage,reduced,64,ok,flashinfer_fa2,1.0306559801101685,1.0423040390014648,1.0306559801101685,0.36348798871040344,2.8354609013815533
48q4kv,decode,65536,32,two_stage,reduced,128,ok,flashinfer_fa2,1.0306559801101685,1.0423040390014648,1.0306559801101685,0.42816001176834106,2.4071747752749317
48q4kv,decode,131072,1,two_stage,identical,64,ok,flashinfer_fa2,0.1377599984407425,0.14361600577831268,0.1377599984407425,0.21964800357818604,0.6271852973692309
48q4kv,decode,131072,1,two_stage,identical,128,ok,flashinfer_fa2,0.1377599984407425,0.14361600577831268,0.1377599984407425,0.23455999791622162,0.5873124133039368
48q4kv,decode,131072,1,two_stage,reduced,64,ok,flashinfer_fa2,0.1377599984407425,0.14361600577831268,0.1377599984407425,0.21743999421596527,0.6335540935671513
48q4kv,decode,131072,1,two_stage,reduced,128,ok,flashinfer_fa2,0.1377599984407425,0.14361600577831268,0.1377599984407425,0.22249600291252136,0.6191571832187274
48q4kv,decode,131072,8,two_stage,identical,64,ok,flashinfer_fa2,0.5533440113067627,0.5595200061798096,0.5533440113067627,0.2752319872379303,2.0104640338494244
48q4kv,decode,131072,8,two_stage,identical,128,ok,flashinfer_fa2,0.5533440113067627,0.5595200061798096,0.5533440113067627,0.30534398555755615,1.8121988232267294
48q4kv,decode,131072,8,two_stage,reduced,64,ok,flashinfer_fa2,0.5533440113067627,0.5595200061798096,0.5533440113067627,0.2725760042667389,2.030054012991064
48q4kv,decode,131072,8,two_stage,reduced,128,ok,flashinfer_fa2,0.5533440113067627,0.5595200061798096,0.5533440113067627,0.2908799946308136,1.9023103050076366
48q4kv,decode,131072,32,two_stage,identical,64,ok,flashinfer_fa2,1.971168041229248,1.9992320537567139,1.971168041229248,0.38515201210975647,5.11789625719916
48q4kv,decode,131072,32,two_stage,identical,128,ok,flashinfer_fa2,1.971168041229248,1.9992320537567139,1.971168041229248,0.4627839922904968,4.259369541874548
48q4kv,decode,131072,32,two_stage,reduced,64,ok,flashinfer_fa2,1.971168041229248,1.9992320537567139,1.971168041229248,0.36396801471710205,5.415772709482066
48q4kv,decode,131072,32,two_stage,reduced,128,ok,flashinfer_fa2,1.971168041229248,1.9992320537567139,1.971168041229248,0.4259839951992035,4.627328874896974
48q4kv,decode,524288,1,two_stage,identical,64,ok,sgl_fa3,0.35023999214172363,0.33660799264907837,0.33660799264907837,0.2207999974489212,1.5244927379446533
48q4kv,decode,524288,1,two_stage,identical,128,ok,sgl_fa3,0.35023999214172363,0.33660799264907837,0.33660799264907837,0.2375359982252121,1.4170820219423514
48q4kv,decode,524288,1,two_stage,reduced,64,ok,sgl_fa3,0.35023999214172363,0.33660799264907837,0.33660799264907837,0.22336000204086304,1.5070200106261502
48q4kv,decode,524288,1,two_stage,reduced,128,ok,sgl_fa3,0.35023999214172363,0.33660799264907837,0.33660799264907837,0.2284799963235855,1.4732492912524222
48q4kv,decode,524288,8,two_stage,identical,64,ok,flashinfer_fa2,1.9674240350723267,1.9937920570373535,1.9674240350723267,0.28070399165153503,7.008892262261379
48q4kv,decode,524288,8,two_stage,identical,128,ok,flashinfer_fa2,1.9674240350723267,1.9937920570373535,1.9674240350723267,0.31516799330711365,6.242461407415764
48q4kv,decode,524288,8,two_stage,reduced,64,ok,flashinfer_fa2,1.9674240350723267,1.9937920570373535,1.9674240350723267,0.27910399436950684,7.049071581783407
48q4kv,decode,524288,8,two_stage,reduced,128,ok,flashinfer_fa2,1.9674240350723267,1.9937920570373535,1.9674240350723267,0.3003840148448944,6.54969618169669
48q4kv,decode,524288,32,two_stage,identical,64,ok,flashinfer_fa2,7.664896011352539,7.816351890563965,7.664896011352539,0.3986879885196686,19.225299562729127
48q4kv,decode,524288,32,two_stage,identical,128,ok,flashinfer_fa2,7.664896011352539,7.816351890563965,7.664896011352539,0.4891839921474457,15.668738418247855
48q4kv,decode,524288,32,two_stage,reduced,64,ok,flashinfer_fa2,7.664896011352539,7.816351890563965,7.664896011352539,0.3839679956436157,19.962330450235754
48q4kv,decode,524288,32,two_stage,reduced,128,ok,flashinfer_fa2,7.664896011352539,7.816351890563965,7.664896011352539,0.46163201332092285,16.603909153120117
48q4kv,decode,1048576,1,two_stage,identical,64,ok,flashinfer_fa2,0.6263039708137512,0.6675519943237305,0.6263039708137512,0.219200000166893,2.857226142047902
48q4kv,decode,1048576,1,two_stage,identical,128,ok,flashinfer_fa2,0.6263039708137512,0.6675519943237305,0.6263039708137512,0.21846400201320648,2.8668520444658436
48q4kv,decode,1048576,1,two_stage,reduced,64,ok,flashinfer_fa2,0.6263039708137512,0.6675519943237305,0.6263039708137512,0.208639994263649,3.001840433442109
48q4kv,decode,1048576,1,two_stage,reduced,128,ok,flashinfer_fa2,0.6263039708137512,0.6675519943237305,0.6263039708137512,0.21513600647449493,2.911200133707054
48q4kv,decode,1048576,8,two_stage,identical,64,ok,flashinfer_fa2,3.8519680500030518,3.8980159759521484,3.8519680500030518,0.2858240008354187,13.47671307778337
48q4kv,decode,1048576,8,two_stage,identical,128,ok,flashinfer_fa2,3.8519680500030518,3.8980159759521484,3.8519680500030518,0.32313600182533264,11.920578419749056
48q4kv,decode,1048576,8,two_stage,reduced,64,ok,flashinfer_fa2,3.8519680500030518,3.8980159759521484,3.8519680500030518,0.28835201263427734,13.358561345949683
48q4kv,decode,1048576,8,two_stage,reduced,128,ok,flashinfer_fa2,3.8519680500030518,3.8980159759521484,3.8519680500030518,0.3141759932041168,12.260542286248041
48q4kv,decode,1048576,32,two_stage,identical,64,ok,flashinfer_fa2,15.245599746704102,15.561792373657227,15.245599746704102,0.4185599982738495,36.42392920866133
48q4kv,decode,1048576,32,two_stage,identical,128,ok,flashinfer_fa2,15.245599746704102,15.561792373657227,15.245599746704102,0.5227839946746826,29.16233071785435
48q4kv,decode,1048576,32,two_stage,reduced,64,ok,flashinfer_fa2,15.245599746704102,15.561792373657227,15.245599746704102,0.40214401483535767,37.910796093647754
48q4kv,decode,1048576,32,two_stage,reduced,128,ok,flashinfer_fa2,15.245599746704102,15.561792373657227,15.245599746704102,0.4845440089702606,31.46380816698905
80q8kv,prefill,16384,1,two_stage,identical,64,ok,sgl_fa3,4.363872051239014,2.4988479614257812,2.4988479614257812,15.308480262756348,0.1632329217881393
80q8kv,prefill,16384,1,two_stage,identical,128,ok,sgl_fa3,4.363872051239014,2.4988479614257812,2.4988479614257812,20.332223892211914,0.12290086783782386
80q8kv,prefill,16384,1,two_stage,reduced,64,ok,sgl_fa3,4.363872051239014,2.4988479614257812,2.4988479614257812,13.46735954284668,0.18554847024582996
80q8kv,prefill,16384,1,two_stage,reduced,128,ok,sgl_fa3,4.363872051239014,2.4988479614257812,2.4988479614257812,17.381120681762695,0.14376794265330203
80q8kv,prefill,16384,8,two_stage,identical,64,ok,sgl_fa3,4.63756799697876,2.6336960792541504,2.6336960792541504,15.40454387664795,0.17096878040294475
80q8kv,prefill,16384,8,two_stage,identical,128,ok,sgl_fa3,4.63756799697876,2.6336960792541504,2.6336960792541504,20.465856552124023,0.12868731257577468
80q8kv,prefill,16384,8,two_stage,reduced,64,ok,sgl_fa3,4.63756799697876,2.6336960792541504,2.6336960792541504,13.514399528503418,0.19488073248829024
80q8kv,prefill,16384,8,two_stage,reduced,128,ok,sgl_fa3,4.63756799697876,2.6336960792541504,2.6336960792541504,17.427488327026367,0.15112310103630033
80q8kv,prefill,16384,32,two_stage,identical,64,ok,sgl_fa3,4.742815971374512,2.717600107192993,2.717600107192993,15.600640296936035,0.1741979851767193
80q8kv,prefill,16384,32,two_stage,identical,128,ok,sgl_fa3,4.742815971374512,2.717600107192993,2.717600107192993,20.768224716186523,0.1308537510707367
80q8kv,prefill,16384,32,two_stage,reduced,64,ok,sgl_fa3,4.742815971374512,2.717600107192993,2.717600107192993,13.55724811553955,0.20045366759040378
80q8kv,prefill,16384,32,two_stage,reduced,128,ok,sgl_fa3,4.742815971374512,2.717600107192993,2.717600107192993,17.54707145690918,0.15487485269930526
80q8kv,prefill,65536,1,two_stage,identical,64,ok,sgl_fa3,16.27769660949707,9.192416191101074,9.192416191101074,16.373504638671875,0.5614201964672794
80q8kv,prefill,65536,1,two_stage,identical,128,ok,sgl_fa3,16.27769660949707,9.192416191101074,9.192416191101074,21.763839721679688,0.4223710663492987
80q8kv,prefill,65536,1,two_stage,reduced,64,ok,sgl_fa3,16.27769660949707,9.192416191101074,9.192416191101074,14.300992012023926,0.6427817163573208
80q8kv,prefill,65536,1,two_stage,reduced,128,ok,sgl_fa3,16.27769660949707,9.192416191101074,9.192416191101074,18.1615047454834,0.506148379218806
80q8kv,prefill,65536,8,two_stage,identical,64,ok,sgl_fa3,16.511615753173828,9.607904434204102,9.607904434204102,16.36579132080078,0.5870724027864475
80q8kv,prefill,65536,8,two_stage,identical,128,ok,sgl_fa3,16.511615753173828,9.607904434204102,9.607904434204102,22.3024959564209,0.43079951468113514
80q8kv,prefill,65536,8,two_stage,reduced,64,ok,sgl_fa3,16.511615753173828,9.607904434204102,9.607904434204102,14.306303977966309,0.671585368869668
80q8kv,prefill,65536,8,two_stage,reduced,128,ok,sgl_fa3,16.511615753173828,9.607904434204102,9.607904434204102,18.20342445373535,0.5278075264696998
80q8kv,prefill,65536,32,two_stage,identical,64,ok,sgl_fa3,17.047391891479492,9.945119857788086,9.945119857788086,17.16214370727539,0.57948004791337
80q8kv,prefill,65536,32,two_stage,identical,128,ok,sgl_fa3,17.047391891479492,9.945119857788086,9.945119857788086,24.149343490600586,0.4118174004050639
80q8kv,prefill,65536,32,two_stage,reduced,64,ok,sgl_fa3,17.047391891479492,9.945119857788086,9.945119857788086,14.405920028686523,0.6903495117274259
80q8kv,prefill,65536,32,two_stage,reduced,128,ok,sgl_fa3,17.047391891479492,9.945119857788086,9.945119857788086,18.657215118408203,0.5330441759218234
80q8kv,prefill,131072,1,two_stage,identical,64,ok,sgl_fa3,31.881919860839844,18.4105281829834,18.4105281829834,16.61769676208496,1.1078868778607738
80q8kv,prefill,131072,1,two_stage,identical,128,ok,sgl_fa3,31.881919860839844,18.4105281829834,18.4105281829834,22.62441635131836,0.8137459944645418
80q8kv,prefill,131072,1,two_stage,reduced,64,ok,sgl_fa3,31.881919860839844,18.4105281829834,18.4105281829834,14.40835189819336,1.2777678053026915
80q8kv,prefill,131072,1,two_stage,reduced,128,ok,sgl_fa3,31.881919860839844,18.4105281829834,18.4105281829834,18.256511688232422,1.0084362498916073
80q8kv,prefill,131072,8,two_stage,identical,64,ok,sgl_fa3,32.41779327392578,19.093856811523438,19.093856811523438,16.74038314819336,1.140586606799622
80q8kv,prefill,131072,8,two_stage,identical,128,ok,sgl_fa3,32.41779327392578,19.093856811523438,19.093856811523438,23.230304718017578,0.8219374236926869
80q8kv,prefill,131072,8,two_stage,reduced,64,ok,sgl_fa3,32.41779327392578,19.093856811523438,19.093856811523438,14.417887687683105,1.3243172110318846
80q8kv,prefill,131072,8,two_stage,reduced,128,ok,sgl_fa3,32.41779327392578,19.093856811523438,19.093856811523438,18.348960876464844,1.04059608280129
80q8kv,prefill,131072,32,two_stage,identical,64,ok,sgl_fa3,33.35145568847656,19.61680030822754,19.61680030822754,18.36147117614746,1.0683675681560212
80q8kv,prefill,131072,32,two_stage,identical,128,ok,sgl_fa3,33.35145568847656,19.61680030822754,19.61680030822754,25.981983184814453,0.7550155108903643
80q8kv,prefill,131072,32,two_stage,reduced,64,ok,sgl_fa3,33.35145568847656,19.61680030822754,19.61680030822754,14.559040069580078,1.347396546370886
80q8kv,prefill,131072,32,two_stage,reduced,128,ok,sgl_fa3,33.35145568847656,19.61680030822754,19.61680030822754,19.338623046875,1.01438454333994
80q8kv,prefill,524288,1,two_stage,identical,64,ok,sgl_fa3,127.23958587646484,70.9842529296875,70.9842529296875,18.272384643554688,3.8847832023241775
80q8kv,prefill,524288,1,two_stage,identical,128,ok,sgl_fa3,127.23958587646484,70.9842529296875,70.9842529296875,25.69548797607422,2.7625181897998163
80q8kv,prefill,524288,1,two_stage,reduced,64,ok,sgl_fa3,127.23958587646484,70.9842529296875,70.9842529296875,14.939807891845703,4.751349779298796
80q8kv,prefill,524288,1,two_stage,reduced,128,ok,sgl_fa3,127.23958587646484,70.9842529296875,70.9842529296875,18.989952087402344,3.737990101448303
80q8kv,prefill,524288,8,two_stage,identical,64,ok,sgl_fa3,128.38339233398438,72.09686279296875,72.09686279296875,19.079328536987305,3.7787945552277336
80q8kv,prefill,524288,8,two_stage,identical,128,ok,sgl_fa3,128.38339233398438,72.09686279296875,72.09686279296875,27.048704147338867,2.6654460931009836
80q8kv,prefill,524288,8,two_stage,reduced,64,ok,sgl_fa3,128.38339233398438,72.09686279296875,72.09686279296875,14.992511749267578,4.808858181918107
80q8kv,prefill,524288,8,two_stage,reduced,128,ok,sgl_fa3,128.38339233398438,72.09686279296875,72.09686279296875,19.50716781616211,3.695916468880477
80q8kv,prefill,524288,32,two_stage,identical,64,ok,sgl_fa3,133.1680908203125,75.70499420166016,75.70499420166016,20.83238410949707,3.6340052969332373
80q8kv,prefill,524288,32,two_stage,identical,128,ok,sgl_fa3,133.1680908203125,75.70499420166016,75.70499420166016,29.452896118164062,2.5703752153246384
80q8kv,prefill,524288,32,two_stage,reduced,64,ok,sgl_fa3,133.1680908203125,75.70499420166016,75.70499420166016,15.494303703308105,4.885988789899399
80q8kv,prefill,524288,32,two_stage,reduced,128,ok,sgl_fa3,133.1680908203125,75.70499420166016,75.70499420166016,21.556480407714844,3.511936678427621
80q8kv,prefill,1048576,1,two_stage,identical,64,ok,sgl_fa3,254.85971069335938,140.02525329589844,140.02525329589844,20.099136352539062,6.96672985544523
80q8kv,prefill,1048576,1,two_stage,identical,128,ok,sgl_fa3,254.85971069335938,140.02525329589844,140.02525329589844,28.42140769958496,4.926752917236511
80q8kv,prefill,1048576,1,two_stage,reduced,64,ok,sgl_fa3,254.85971069335938,140.02525329589844,140.02525329589844,15.505887985229492,9.030456909612843
80q8kv,prefill,1048576,1,two_stage,reduced,128,ok,sgl_fa3,254.85971069335938,140.02525329589844,140.02525329589844,19.98236846923828,7.00744025971993
80q8kv,prefill,1048576,8,two_stage,identical,64,ok,sgl_fa3,258.1480712890625,143.33526611328125,143.33526611328125,21.097183227539062,6.794047554470663
80q8kv,prefill,1048576,8,two_stage,identical,128,ok,sgl_fa3,258.1480712890625,143.33526611328125,143.33526611328125,29.62838363647461,4.837768670472645
80q8kv,prefill,1048576,8,two_stage,reduced,64,ok,sgl_fa3,258.1480712890625,143.33526611328125,143.33526611328125,15.586432456970215,9.196156112631282
80q8kv,prefill,1048576,8,two_stage,reduced,128,ok,sgl_fa3,258.1480712890625,143.33526611328125,143.33526611328125,20.831872940063477,6.880575094024382
80q8kv,prefill,1048576,32,two_stage,identical,64,oom,sgl_fa3,273.417236328125,150.5745849609375,150.5745849609375,,
80q8kv,prefill,1048576,32,two_stage,identical,128,oom,sgl_fa3,273.417236328125,150.5745849609375,150.5745849609375,,
80q8kv,prefill,1048576,32,two_stage,reduced,64,ok,sgl_fa3,273.417236328125,150.5745849609375,150.5745849609375,16.365535736083984,9.2007122399873
80q8kv,prefill,1048576,32,two_stage,reduced,128,ok,sgl_fa3,273.417236328125,150.5745849609375,150.5745849609375,22.71571159362793,6.628653667322301
80q8kv,decode,16384,1,two_stage,identical,64,ok,flashinfer_fa2,0.12476799637079239,0.12595200538635254,0.12476799637079239,0.24995200335979462,0.49916781899601137
80q8kv,decode,16384,1,two_stage,identical,128,ok,flashinfer_fa2,0.12476799637079239,0.12595200538635254,0.12476799637079239,0.2805120050907135,0.44478665478307866
80q8kv,decode,16384,1,two_stage,reduced,64,ok,flashinfer_fa2,0.12476799637079239,0.12595200538635254,0.12476799637079239,0.23916800320148468,0.5216751183296156
80q8kv,decode,16384,1,two_stage,reduced,128,ok,flashinfer_fa2,0.12476799637079239,0.12595200538635254,0.12476799637079239,0.2460159957408905,0.5071540002715954
80q8kv,decode,16384,8,two_stage,identical,64,ok,sgl_fa3,0.2452159970998764,0.24489599466323853,0.24489599466323853,0.33635199069976807,0.7280943815844269
80q8kv,decode,16384,8,two_stage,identical,128,ok,sgl_fa3,0.2452159970998764,0.24489599466323853,0.24489599466323853,0.3928000032901764,0.6234623029835478
80q8kv,decode,16384,8,two_stage,reduced,64,ok,sgl_fa3,0.2452159970998764,0.24489599466323853,0.24489599466323853,0.30774399638175964,0.7957783012586945
80q8kv,decode,16384,8,two_stage,reduced,128,ok,sgl_fa3,0.2452159970998764,0.24489599466323853,0.24489599466323853,0.33449599146842957,0.732134318226508
80q8kv,decode,16384,32,two_stage,identical,64,ok,sgl_fa3,0.5933120250701904,0.5837759971618652,0.5837759971618652,0.5420160293579102,1.0770456324943476
80q8kv,decode,16384,32,two_stage,identical,128,ok,sgl_fa3,0.5933120250701904,0.5837759971618652,0.5837759971618652,0.6943039894104004,0.8408074936420933
80q8kv,decode,16384,32,two_stage,reduced,64,ok,sgl_fa3,0.5933120250701904,0.5837759971618652,0.5837759971618652,0.48236799240112305,1.2102295474787934
80q8kv,decode,16384,32,two_stage,reduced,128,ok,sgl_fa3,0.5933120250701904,0.5837759971618652,0.5837759971618652,0.5682240128517151,1.027369459858094
80q8kv,decode,65536,1,two_stage,identical,64,ok,flashinfer_fa2,0.16118399798870087,0.16633599996566772,0.16118399798870087,0.2574400007724762,0.6261031599792226
80q8kv,decode,65536,1,two_stage,identical,128,ok,flashinfer_fa2,0.16118399798870087,0.16633599996566772,0.16118399798870087,0.28627198934555054,0.5630449502139043
80q8kv,decode,65536,1,two_stage,reduced,64,ok,flashinfer_fa2,0.16118399798870087,0.16633599996566772,0.16118399798870087,0.24739199876785278,0.6515327851809484
80q8kv,decode,65536,1,two_stage,reduced,128,ok,flashinfer_fa2,0.16118399798870087,0.16633599996566772,0.16118399798870087,0.253248006105423,0.6364669971837907
80q8kv,decode,65536,8,two_stage,identical,64,ok,sgl_fa3,0.5826560258865356,0.5824639797210693,0.5824639797210693,0.3454720079898834,1.6859947152017185
80q8kv,decode,65536,8,two_stage,identical,128,ok,sgl_fa3,0.5826560258865356,0.5824639797210693,0.5824639797210693,0.4023680090904236,1.4475901825241109
80q8kv,decode,65536,8,two_stage,reduced,64,ok,sgl_fa3,0.5826560258865356,0.5824639797210693,0.5824639797210693,0.3199999928474426,1.8201999773129816
80q8kv,decode,65536,8,two_stage,reduced,128,ok,sgl_fa3,0.5826560258865356,0.5824639797210693,0.5824639797210693,0.35203200578689575,1.6545767718451903
80q8kv,decode,65536,32,two_stage,identical,64,ok,sgl_fa3,2.0482239723205566,2.02508807182312,2.02508807182312,0.5666239857673645,3.5739540201084052
80q8kv,decode,65536,32,two_stage,identical,128,ok,sgl_fa3,2.0482239723205566,2.02508807182312,2.02508807182312,0.7225919961929321,2.8025332172132464
80q8kv,decode,65536,32,two_stage,reduced,64,ok,sgl_fa3,2.0482239723205566,2.02508807182312,2.02508807182312,0.5160639882087708,3.9241026657412923
80q8kv,decode,65536,32,two_stage,reduced,128,ok,sgl_fa3,2.0482239723205566,2.02508807182312,2.02508807182312,0.6273279786109924,3.2281169354298513
80q8kv,decode,131072,1,two_stage,identical,64,ok,sgl_fa3,0.2439039945602417,0.23212799429893494,0.23212799429893494,0.24105599522590637,0.9629629583839865
80q8kv,decode,131072,1,two_stage,identical,128,ok,sgl_fa3,0.2439039945602417,0.23212799429893494,0.23212799429893494,0.27059200406074524,0.8578523785456147
80q8kv,decode,131072,1,two_stage,reduced,64,ok,sgl_fa3,0.2439039945602417,0.23212799429893494,0.23212799429893494,0.23216000199317932,0.9998621308840042
80q8kv,decode,131072,1,two_stage,reduced,128,ok,sgl_fa3,0.2439039945602417,0.23212799429893494,0.23212799429893494,0.2393919974565506,0.9696564495271649
80q8kv,decode,131072,8,two_stage,identical,64,ok,sgl_fa3,1.061792016029358,1.0592639446258545,1.0592639446258545,0.347135990858078,3.0514379739406525
80q8kv,decode,131072,8,two_stage,identical,128,ok,sgl_fa3,1.061792016029358,1.0592639446258545,1.0592639446258545,0.40803200006484985,2.59603154766661
80q8kv,decode,131072,8,two_stage,reduced,64,ok,sgl_fa3,1.061792016029358,1.0592639446258545,1.0592639446258545,0.3248000144958496,3.261280472139234
80q8kv,decode,131072,8,two_stage,reduced,128,ok,sgl_fa3,1.061792016029358,1.0592639446258545,1.0592639446258545,0.3600960075855255,2.9416153534395164
80q8kv,decode,131072,32,two_stage,identical,64,ok,sgl_fa3,3.9477760791778564,3.9423038959503174,3.9423038959503174,0.5756480097770691,6.848462652510605
80q8kv,decode,131072,32,two_stage,identical,128,ok,sgl_fa3,3.9477760791778564,3.9423038959503174,3.9423038959503174,0.7313600182533264,5.3903738207696135
80q8kv,decode,131072,32,two_stage,reduced,64,ok,sgl_fa3,3.9477760791778564,3.9423038959503174,3.9423038959503174,0.5240640044212341,7.522561867808722
80q8kv,decode,131072,32,two_stage,reduced,128,ok,sgl_fa3,3.9477760791778564,3.9423038959503174,3.9423038959503174,0.6401919722557068,6.1580027035635405
80q8kv,decode,524288,1,two_stage,identical,64,ok,sgl_fa3,0.6493120193481445,0.6116799712181091,0.6116799712181091,0.25942400097846985,2.3578387848118716
80q8kv,decode,524288,1,two_stage,identical,128,ok,sgl_fa3,0.6493120193481445,0.6116799712181091,0.6116799712181091,0.28937599062919617,2.1137896405576733
80q8kv,decode,524288,1,two_stage,reduced,64,ok,sgl_fa3,0.6493120193481445,0.6116799712181091,0.6116799712181091,0.2547839879989624,2.4007786989369215
80q8kv,decode,524288,1,two_stage,reduced,128,ok,sgl_fa3,0.6493120193481445,0.6116799712181091,0.6116799712181091,0.25974398851394653,2.354934082277196
80q8kv,decode,524288,8,two_stage,identical,64,ok,flashinfer_fa2,3.9354240894317627,3.936768054962158,3.9354240894317627,0.35817599296569824,10.987403306532189
80q8kv,decode,524288,8,two_stage,identical,128,ok,flashinfer_fa2,3.9354240894317627,3.936768054962158,3.9354240894317627,0.4191359877586365,9.389372910870195
80q8kv,decode,524288,8,two_stage,reduced,64,ok,flashinfer_fa2,3.9354240894317627,3.936768054962158,3.9354240894317627,0.3381440043449402,11.638308054745938
80q8kv,decode,524288,8,two_stage,reduced,128,ok,flashinfer_fa2,3.9354240894317627,3.936768054962158,3.9354240894317627,0.3746879994869232,10.503202917682744
80q8kv,decode,524288,32,two_stage,identical,64,ok,flashinfer_fa2,15.501376152038574,15.528608322143555,15.501376152038574,0.6025599837303162,25.725863931542495
80q8kv,decode,524288,32,two_stage,identical,128,ok,flashinfer_fa2,15.501376152038574,15.528608322143555,15.501376152038574,0.7871040105819702,19.694190276806165
80q8kv,decode,524288,32,two_stage,reduced,64,ok,flashinfer_fa2,15.501376152038574,15.528608322143555,15.501376152038574,0.5753920078277588,26.940548254328284
80q8kv,decode,524288,32,two_stage,reduced,128,ok,flashinfer_fa2,15.501376152038574,15.528608322143555,15.501376152038574,0.7018880248069763,22.085255203351775
80q8kv,decode,1048576,1,two_stage,identical,64,ok,sgl_fa3,1.1881599426269531,1.1158720254898071,1.1158720254898071,0.2606079876422882,4.281802854874343
80q8kv,decode,1048576,1,two_stage,identical,128,ok,sgl_fa3,1.1881599426269531,1.1158720254898071,1.1158720254898071,0.2915840148925781,3.826931410835067
80q8kv,decode,1048576,1,two_stage,reduced,64,ok,sgl_fa3,1.1881599426269531,1.1158720254898071,1.1158720254898071,0.25996801257133484,4.2923435635513565
80q8kv,decode,1048576,1,two_stage,reduced,128,ok,sgl_fa3,1.1881599426269531,1.1158720254898071,1.1158720254898071,0.2672959864139557,4.174668091580243
80q8kv,decode,1048576,8,two_stage,identical,64,ok,flashinfer_fa2,7.772543907165527,7.8118720054626465,7.772543907165527,0.36579200625419617,21.248534069288084
80q8kv,decode,1048576,8,two_stage,identical,128,ok,flashinfer_fa2,7.772543907165527,7.8118720054626465,7.772543907165527,0.44099199771881104,17.62513593754942
80q8kv,decode,1048576,8,two_stage,reduced,64,ok,flashinfer_fa2,7.772543907165527,7.8118720054626465,7.772543907165527,0.3568960130214691,21.77817522074131
80q8kv,decode,1048576,8,two_stage,reduced,128,ok,flashinfer_fa2,7.772543907165527,7.8118720054626465,7.772543907165527,0.39056000113487244,19.901023874898616
80q8kv,decode,1048576,32,two_stage,identical,64,oom,flashinfer_fa2,31.1309757232666,31.815935134887695,31.1309757232666,,
80q8kv,decode,1048576,32,two_stage,identical,128,oom,flashinfer_fa2,31.1309757232666,31.815935134887695,31.1309757232666,,
80q8kv,decode,1048576,32,two_stage,reduced,64,ok,flashinfer_fa2,31.1309757232666,31.815935134887695,31.1309757232666,0.5949119925498962,52.32870762923071
80q8kv,decode,1048576,32,two_stage,reduced,128,ok,flashinfer_fa2,31.1309757232666,31.815935134887695,31.1309757232666,0.7547839879989624,41.24488094375075
64q8kv,prefill,16384,1,two_stage,identical,64,ok,sgl_fa3,3.5575039386749268,1.9998719692230225,1.9998719692230225,14.866432189941406,0.13452265773466018
64q8kv,prefill,16384,1,two_stage,identical,128,ok,sgl_fa3,3.5575039386749268,1.9998719692230225,1.9998719692230225,19.626144409179688,0.10189836207908606
64q8kv,prefill,16384,1,two_stage,reduced,64,ok,sgl_fa3,3.5575039386749268,1.9998719692230225,1.9998719692230225,13.244256019592285,0.15099919287762206
64q8kv,prefill,16384,1,two_stage,reduced,128,ok,sgl_fa3,3.5575039386749268,1.9998719692230225,1.9998719692230225,17.160127639770508,0.11654178868623892
64q8kv,prefill,16384,8,two_stage,identical,64,ok,sgl_fa3,3.6846399307250977,2.117919921875,2.117919921875,15.024543762207031,0.1409640089839166
64q8kv,prefill,16384,8,two_stage,identical,128,ok,sgl_fa3,3.6846399307250977,2.117919921875,2.117919921875,19.898847579956055,0.10643430044704515
64q8kv,prefill,16384,8,two_stage,reduced,64,ok,sgl_fa3,3.6846399307250977,2.117919921875,2.117919921875,13.327008247375488,0.15891938254724844
64q8kv,prefill,16384,8,two_stage,reduced,128,ok,sgl_fa3,3.6846399307250977,2.117919921875,2.117919921875,17.251840591430664,0.12276486735722641
64q8kv,prefill,16384,32,two_stage,identical,64,ok,sgl_fa3,3.690176010131836,2.2569921016693115,2.2569921016693115,15.207807540893555,0.14841009104042746
64q8kv,prefill,16384,32,two_stage,identical,128,ok,sgl_fa3,3.690176010131836,2.2569921016693115,2.2569921016693115,20.280384063720703,0.11128941614605875
64q8kv,prefill,16384,32,two_stage,reduced,64,ok,sgl_fa3,3.690176010131836,2.2569921016693115,2.2569921016693115,13.388319969177246,0.1685791874458772
64q8kv,prefill,16384,32,two_stage,reduced,128,ok,sgl_fa3,3.690176010131836,2.2569921016693115,2.2569921016693115,17.36515235900879,0.12997249059542035
64q8kv,prefill,65536,1,two_stage,identical,64,ok,sgl_fa3,13.158495903015137,7.29088020324707,7.29088020324707,15.954655647277832,0.45697509018259713
64q8kv,prefill,65536,1,two_stage,identical,128,ok,sgl_fa3,13.158495903015137,7.29088020324707,7.29088020324707,21.334367752075195,0.3417434389419806
64q8kv,prefill,65536,1,two_stage,reduced,64,ok,sgl_fa3,13.158495903015137,7.29088020324707,7.29088020324707,14.103679656982422,0.5169487949648315
64q8kv,prefill,65536,1,two_stage,reduced,128,ok,sgl_fa3,13.158495903015137,7.29088020324707,7.29088020324707,17.957855224609375,0.4059994978273172
64q8kv,prefill,65536,8,two_stage,identical,64,ok,sgl_fa3,13.309247970581055,7.410719871520996,7.410719871520996,15.999039649963379,0.46319779397121247
64q8kv,prefill,65536,8,two_stage,identical,128,ok,sgl_fa3,13.309247970581055,7.410719871520996,7.410719871520996,21.782495498657227,0.34021445669426753
64q8kv,prefill,65536,8,two_stage,reduced,64,ok,sgl_fa3,13.309247970581055,7.410719871520996,7.410719871520996,14.113439559936523,0.5250824818464257
64q8kv,prefill,65536,8,two_stage,reduced,128,ok,sgl_fa3,13.309247970581055,7.410719871520996,7.410719871520996,18.024864196777344,0.4111387353945199
64q8kv,prefill,65536,32,two_stage,identical,64,ok,sgl_fa3,13.614336013793945,7.994912147521973,7.994912147521973,16.802400588989258,0.4758196369131385
64q8kv,prefill,65536,32,two_stage,identical,128,ok,sgl_fa3,13.614336013793945,7.994912147521973,7.994912147521973,23.58550453186035,0.33897566773363225
64q8kv,prefill,65536,32,two_stage,reduced,64,ok,sgl_fa3,13.614336013793945,7.994912147521973,7.994912147521973,14.227168083190918,0.5619468400719735
64q8kv,prefill,65536,32,two_stage,reduced,128,ok,sgl_fa3,13.614336013793945,7.994912147521973,7.994912147521973,18.490400314331055,0.4323817771173665
64q8kv,prefill,131072,1,two_stage,identical,64,ok,sgl_fa3,25.671903610229492,14.155008316040039,14.155008316040039,16.17375946044922,0.8751835558488571
64q8kv,prefill,131072,1,two_stage,identical,128,ok,sgl_fa3,25.671903610229492,14.155008316040039,14.155008316040039,22.04035186767578,0.642231503427115
64q8kv,prefill,131072,1,two_stage,reduced,64,ok,sgl_fa3,25.671903610229492,14.155008316040039,14.155008316040039,14.21951961517334,0.995463187162493
64q8kv,prefill,131072,1,two_stage,reduced,128,ok,sgl_fa3,25.671903610229492,14.155008316040039,14.155008316040039,18.121280670166016,0.7811262666078644
64q8kv,prefill,131072,8,two_stage,identical,64,ok,sgl_fa3,26.19273567199707,14.891136169433594,14.891136169433594,16.227327346801758,0.9176579637045706
64q8kv,prefill,131072,8,two_stage,identical,128,ok,sgl_fa3,26.19273567199707,14.891136169433594,14.891136169433594,22.712671279907227,0.6556312106981024
64q8kv,prefill,131072,8,two_stage,reduced,64,ok,sgl_fa3,26.19273567199707,14.891136169433594,14.891136169433594,14.216095924377441,1.0474842213113242
64q8kv,prefill,131072,8,two_stage,reduced,128,ok,sgl_fa3,26.19273567199707,14.891136169433594,14.891136169433594,18.20806312561035,0.8178319718415645
64q8kv,prefill,131072,32,two_stage,identical,64,ok,sgl_fa3,26.63711929321289,15.568927764892578,15.568927764892578,17.99273681640625,0.8652895845559426
64q8kv,prefill,131072,32,two_stage,identical,128,ok,sgl_fa3,26.63711929321289,15.568927764892578,15.568927764892578,25.343936920166016,0.6143058126263121
64q8kv,prefill,131072,32,two_stage,reduced,64,ok,sgl_fa3,26.63711929321289,15.568927764892578,15.568927764892578,14.404383659362793,1.0808465070820878
64q8kv,prefill,131072,32,two_stage,reduced,128,ok,sgl_fa3,26.63711929321289,15.568927764892578,15.568927764892578,19.173856735229492,0.8119872793399295
64q8kv,prefill,524288,1,two_stage,identical,64,ok,sgl_fa3,101.14800262451172,56.116127014160156,56.116127014160156,17.7969913482666,3.1531243633281743
64q8kv,prefill,524288,1,two_stage,identical,128,ok,sgl_fa3,101.14800262451172,56.116127014160156,56.116127014160156,24.804128646850586,2.262370422808031
64q8kv,prefill,524288,1,two_stage,reduced,64,ok,sgl_fa3,101.14800262451172,56.116127014160156,56.116127014160156,14.73795223236084,3.8075932211900674
64q8kv,prefill,524288,1,two_stage,reduced,128,ok,sgl_fa3,101.14800262451172,56.116127014160156,56.116127014160156,18.81679916381836,2.982235529306298
64q8kv,prefill,524288,8,two_stage,identical,64,ok,sgl_fa3,103.08153533935547,58.247840881347656,58.247840881347656,18.622528076171875,3.1278159787487527
64q8kv,prefill,524288,8,two_stage,identical,128,ok,sgl_fa3,103.08153533935547,58.247840881347656,58.247840881347656,26.161760330200195,2.22644960225052
64q8kv,prefill,524288,8,two_stage,reduced,64,ok,sgl_fa3,103.08153533935547,58.247840881347656,58.247840881347656,14.80627155303955,3.933997878715798
64q8kv,prefill,524288,8,two_stage,reduced,128,ok,sgl_fa3,103.08153533935547,58.247840881347656,58.247840881347656,19.340576171875,3.0116910873654046
64q8kv,prefill,524288,32,two_stage,identical,64,ok,sgl_fa3,107.0551986694336,61.72412872314453,61.72412872314453,20.360288619995117,3.0315939953094504
64q8kv,prefill,524288,32,two_stage,identical,128,ok,sgl_fa3,107.0551986694336,61.72412872314453,61.72412872314453,28.600576400756836,2.158142824055503
64q8kv,prefill,524288,32,two_stage,reduced,64,ok,sgl_fa3,107.0551986694336,61.72412872314453,61.72412872314453,15.339327812194824,4.023913529905372
64q8kv,prefill,524288,32,two_stage,reduced,128,ok,sgl_fa3,107.0551986694336,61.72412872314453,61.72412872314453,21.43731117248535,2.879285010443243
64q8kv,prefill,1048576,1,two_stage,identical,64,ok,sgl_fa3,204.5557403564453,112.85078430175781,112.85078430175781,19.51430320739746,5.782977906122646
64q8kv,prefill,1048576,1,two_stage,identical,128,ok,sgl_fa3,204.5557403564453,112.85078430175781,112.85078430175781,27.224863052368164,4.145136895075821
64q8kv,prefill,1048576,1,two_stage,reduced,64,ok,sgl_fa3,204.5557403564453,112.85078430175781,112.85078430175781,15.330559730529785,7.361165298943588
64q8kv,prefill,1048576,1,two_stage,reduced,128,ok,sgl_fa3,204.5557403564453,112.85078430175781,112.85078430175781,19.81827163696289,5.69427982262998
64q8kv,prefill,1048576,8,two_stage,identical,64,ok,sgl_fa3,207.1759033203125,116.21907043457031,116.21907043457031,20.417312622070312,5.692182540661206
64q8kv,prefill,1048576,8,two_stage,identical,128,ok,sgl_fa3,207.1759033203125,116.21907043457031,116.21907043457031,28.47817611694336,4.08098713756548
64q8kv,prefill,1048576,8,two_stage,reduced,64,ok,sgl_fa3,207.1759033203125,116.21907043457031,116.21907043457031,15.408224105834961,7.54266485457978
64q8kv,prefill,1048576,8,two_stage,reduced,128,ok,sgl_fa3,207.1759033203125,116.21907043457031,116.21907043457031,20.705472946166992,5.612963815737658
64q8kv,prefill,1048576,32,two_stage,identical,64,oom,sgl_fa3,221.97532653808594,121.86287689208984,121.86287689208984,,
64q8kv,prefill,1048576,32,two_stage,identical,128,oom,sgl_fa3,221.97532653808594,121.86287689208984,121.86287689208984,,
64q8kv,prefill,1048576,32,two_stage,reduced,64,ok,sgl_fa3,221.97532653808594,121.86287689208984,121.86287689208984,16.179136276245117,7.5321002809658015
64q8kv,prefill,1048576,32,two_stage,reduced,128,ok,sgl_fa3,221.97532653808594,121.86287689208984,121.86287689208984,22.56671905517578,5.4001149477748305
64q8kv,decode,16384,1,two_stage,identical,64,ok,flashinfer_fa2,0.10771200060844421,0.10784000158309937,0.10771200060844421,0.21795199811458588,0.4942005649877814
64q8kv,decode,16384,1,two_stage,identical,128,ok,flashinfer_fa2,0.10771200060844421,0.10784000158309937,0.10771200060844421,0.23641599714756012,0.4556036897165435
64q8kv,decode,16384,1,two_stage,reduced,64,ok,flashinfer_fa2,0.10771200060844421,0.10784000158309937,0.10771200060844421,0.2094080001115799,0.5143643058099571
64q8kv,decode,16384,1,two_stage,reduced,128,ok,flashinfer_fa2,0.10771200060844421,0.10784000158309937,0.10771200060844421,0.23187200725078583,0.4645321437699297
64q8kv,decode,16384,8,two_stage,identical,64,ok,flashinfer_fa2,0.20611199736595154,0.20902399718761444,0.20611199736595154,0.32681599259376526,0.6306668034515382
64q8kv,decode,16384,8,two_stage,identical,128,ok,flashinfer_fa2,0.20611199736595154,0.20902399718761444,0.20611199736595154,0.36108800768852234,0.5708082045852532
64q8kv,decode,16384,8,two_stage,reduced,64,ok,flashinfer_fa2,0.20611199736595154,0.20902399718761444,0.20611199736595154,0.29315200448036194,0.7030891626728032
64q8kv,decode,16384,8,two_stage,reduced,128,ok,flashinfer_fa2,0.20611199736595154,0.20902399718761444,0.20611199736595154,0.31996798515319824,0.6441644380992263
64q8kv,decode,16384,32,two_stage,identical,64,ok,sgl_fa3,0.5766400098800659,0.5680639743804932,0.5680639743804932,0.520576000213623,1.0912219813195057
64q8kv,decode,16384,32,two_stage,identical,128,ok,sgl_fa3,0.5766400098800659,0.5680639743804932,0.5680639743804932,0.6656000018119812,0.8534614976472912
64q8kv,decode,16384,32,two_stage,reduced,64,ok,sgl_fa3,0.5766400098800659,0.5680639743804932,0.5680639743804932,0.464383989572525,1.2232634783628258
64q8kv,decode,16384,32,two_stage,reduced,128,ok,sgl_fa3,0.5766400098800659,0.5680639743804932,0.5680639743804932,0.5525760054588318,1.0280286671311414
64q8kv,decode,65536,1,two_stage,identical,64,ok,flashinfer_fa2,0.14796799421310425,0.15187199413776398,0.14796799421310425,0.23721599578857422,0.623769041043021
64q8kv,decode,65536,1,two_stage,identical,128,ok,flashinfer_fa2,0.14796799421310425,0.15187199413776398,0.14796799421310425,0.2595840096473694,0.5700196803882899
64q8kv,decode,65536,1,two_stage,reduced,64,ok,flashinfer_fa2,0.14796799421310425,0.15187199413776398,0.14796799421310425,0.23452800512313843,0.6309182314300331
64q8kv,decode,65536,1,two_stage,reduced,128,ok,flashinfer_fa2,0.14796799421310425,0.15187199413776398,0.14796799421310425,0.2237119972705841,0.661421810266769
64q8kv,decode,65536,8,two_stage,identical,64,ok,sgl_fa3,0.567359983921051,0.5672000050544739,0.5672000050544739,0.30745598673820496,1.8448169153311618
64q8kv,decode,65536,8,two_stage,identical,128,ok,sgl_fa3,0.567359983921051,0.5672000050544739,0.5672000050544739,0.3685440123081207,1.539029223408647
64q8kv,decode,65536,8,two_stage,reduced,64,ok,sgl_fa3,0.567359983921051,0.5672000050544739,0.5672000050544739,0.30460798740386963,1.862065436591596
64q8kv,decode,65536,8,two_stage,reduced,128,ok,sgl_fa3,0.567359983921051,0.5672000050544739,0.5672000050544739,0.33423998951911926,1.6969842713031464
64q8kv,decode,65536,32,two_stage,identical,64,ok,sgl_fa3,2.0224640369415283,2.002527952194214,2.002527952194214,0.5559679865837097,3.6018763679169177
64q8kv,decode,65536,32,two_stage,identical,128,ok,sgl_fa3,2.0224640369415283,2.002527952194214,2.002527952194214,0.6890239715576172,2.906325519658295
64q8kv,decode,65536,32,two_stage,reduced,64,ok,sgl_fa3,2.0224640369415283,2.002527952194214,2.002527952194214,0.49884799122810364,4.014304933381071
64q8kv,decode,65536,32,two_stage,reduced,128,ok,sgl_fa3,2.0224640369415283,2.002527952194214,2.002527952194214,0.6044480204582214,3.3129862029759525
64q8kv,decode,131072,1,two_stage,identical,64,ok,sgl_fa3,0.22915199398994446,0.21503999829292297,0.21503999829292297,0.2375040054321289,0.9054163019342196
64q8kv,decode,131072,1,two_stage,identical,128,ok,sgl_fa3,0.22915199398994446,0.21503999829292297,0.21503999829292297,0.26051199436187744,0.825451430056655
64q8kv,decode,131072,1,two_stage,reduced,64,ok,sgl_fa3,0.22915199398994446,0.21503999829292297,0.21503999829292297,0.2351360023021698,0.9145345510151961
64q8kv,decode,131072,1,two_stage,reduced,128,ok,sgl_fa3,0.22915199398994446,0.21503999829292297,0.21503999829292297,0.24163199961185455,0.8899483455765477
64q8kv,decode,131072,8,two_stage,identical,64,ok,sgl_fa3,1.0476160049438477,1.0441279411315918,1.0441279411315918,0.3264639973640442,3.198294297570802
64q8kv,decode,131072,8,two_stage,identical,128,ok,sgl_fa3,1.0476160049438477,1.0441279411315918,1.0441279411315918,0.3742719888687134,2.7897571076254106
64q8kv,decode,131072,8,two_stage,reduced,64,ok,sgl_fa3,1.0476160049438477,1.0441279411315918,1.0441279411315918,0.3093760013580322,3.3749480778997194
64q8kv,decode,131072,8,two_stage,reduced,128,ok,sgl_fa3,1.0476160049438477,1.0441279411315918,1.0441279411315918,0.3436479866504669,3.038364785164887
64q8kv,decode,131072,32,two_stage,identical,64,ok,sgl_fa3,3.959552049636841,3.931488037109375,3.931488037109375,0.5528960227966309,7.110718607132169
64q8kv,decode,131072,32,two_stage,identical,128,ok,sgl_fa3,3.959552049636841,3.931488037109375,3.931488037109375,0.6998400092124939,5.617695452326803
64q8kv,decode,131072,32,two_stage,reduced,64,ok,sgl_fa3,3.959552049636841,3.931488037109375,3.931488037109375,0.509663999080658,7.713882173747942
64q8kv,decode,131072,32,two_stage,reduced,128,ok,sgl_fa3,3.959552049636841,3.931488037109375,3.931488037109375,0.6213120222091675,6.327719240214254
64q8kv,decode,524288,1,two_stage,identical,64,ok,sgl_fa3,0.6328319907188416,0.598143994808197,0.598143994808197,0.24054400622844696,2.4866302186724782
64q8kv,decode,524288,1,two_stage,identical,128,ok,sgl_fa3,0.6328319907188416,0.598143994808197,0.598143994808197,0.2618879973888397,2.283968722400436
64q8kv,decode,524288,1,two_stage,reduced,64,ok,sgl_fa3,0.6328319907188416,0.598143994808197,0.598143994808197,0.23919999599456787,2.5006020268569764
64q8kv,decode,524288,1,two_stage,reduced,128,ok,sgl_fa3,0.6328319907188416,0.598143994808197,0.598143994808197,0.24624000489711761,2.4291097421725185
64q8kv,decode,524288,8,two_stage,identical,64,ok,sgl_fa3,3.921312093734741,3.917695999145508,3.917695999145508,0.3354879915714264,11.677604258784383
64q8kv,decode,524288,8,two_stage,identical,128,ok,sgl_fa3,3.921312093734741,3.917695999145508,3.917695999145508,0.3911040127277374,10.01701816307563
64q8kv,decode,524288,8,two_stage,reduced,64,ok,sgl_fa3,3.921312093734741,3.917695999145508,3.917695999145508,0.3208639919757843,12.20983375236813
64q8kv,decode,524288,8,two_stage,reduced,128,ok,sgl_fa3,3.921312093734741,3.917695999145508,3.917695999145508,0.36057600378990173,10.865104604765234
64q8kv,decode,524288,32,two_stage,identical,64,ok,sgl_fa3,15.600319862365723,15.530336380004883,15.530336380004883,0.5810239911079407,26.72925148992636
64q8kv,decode,524288,32,two_stage,identical,128,ok,sgl_fa3,15.600319862365723,15.530336380004883,15.530336380004883,0.7544959783554077,20.58372320798411
64q8kv,decode,524288,32,two_stage,reduced,64,ok,sgl_fa3,15.600319862365723,15.530336380004883,15.530336380004883,0.5462719798088074,28.429677805258155
64q8kv,decode,524288,32,two_stage,reduced,128,ok,sgl_fa3,15.600319862365723,15.530336380004883,15.530336380004883,0.6740480065345764,23.04040102403037
64q8kv,decode,1048576,1,two_stage,identical,64,ok,flashinfer_fa2,1.1756479740142822,1.237887978553772,1.1756479740142822,0.24208000302314758,4.856443982702145
64q8kv,decode,1048576,1,two_stage,identical,128,ok,flashinfer_fa2,1.1756479740142822,1.237887978553772,1.1756479740142822,0.2656640112400055,4.425318915147228
64q8kv,decode,1048576,1,two_stage,reduced,64,ok,flashinfer_fa2,1.1756479740142822,1.237887978553772,1.1756479740142822,0.24278399348258972,4.842361957847065
64q8kv,decode,1048576,1,two_stage,reduced,128,ok,flashinfer_fa2,1.1756479740142822,1.237887978553772,1.1756479740142822,0.25465598702430725,4.616612347315695
64q8kv,decode,1048576,8,two_stage,identical,64,ok,flashinfer_fa2,7.761568069458008,7.7784318923950195,7.761568069458008,0.3640959858894348,21.31736786522817
64q8kv,decode,1048576,8,two_stage,identical,128,ok,flashinfer_fa2,7.761568069458008,7.7784318923950195,7.761568069458008,0.42979198694229126,18.05889431461216
64q8kv,decode,1048576,8,two_stage,reduced,64,ok,flashinfer_fa2,7.761568069458008,7.7784318923950195,7.761568069458008,0.3325119912624359,23.34222005044074
64q8kv,decode,1048576,8,two_stage,reduced,128,ok,flashinfer_fa2,7.761568069458008,7.7784318923950195,7.761568069458008,0.3781760036945343,20.523692655357614
64q8kv,decode,1048576,32,two_stage,identical,64,oom,flashinfer_fa2,30.944704055786133,32.023712158203125,30.944704055786133,,
64q8kv,decode,1048576,32,two_stage,identical,128,oom,flashinfer_fa2,30.944704055786133,32.023712158203125,30.944704055786133,,
64q8kv,decode,1048576,32,two_stage,reduced,64,ok,flashinfer_fa2,30.944704055786133,32.023712158203125,30.944704055786133,0.5762559771537781,53.69958019112801
64q8kv,decode,1048576,32,two_stage,reduced,128,ok,flashinfer_fa2,30.944704055786133,32.023712158203125,30.944704055786133,0.7370880246162415,41.98237255570287
64q4kv,prefill,16384,1,two_stage,identical,64,ok,sgl_fa3,3.49183988571167,1.9741120338439941,1.9741120338439941,7.778016090393066,0.25380662766721424
64q4kv,prefill,16384,1,two_stage,identical,128,ok,sgl_fa3,3.49183988571167,1.9741120338439941,1.9741120338439941,10.319168090820312,0.1913053471432564
64q4kv,prefill,16384,1,two_stage,reduced,64,ok,sgl_fa3,3.49183988571167,1.9741120338439941,1.9741120338439941,6.851071834564209,0.28814645087859686
64q4kv,prefill,16384,1,two_stage,reduced,128,ok,sgl_fa3,3.49183988571167,1.9741120338439941,1.9741120338439941,8.829631805419922,0.2235780695444422
64q4kv,prefill,16384,8,two_stage,identical,64,ok,sgl_fa3,3.583456039428711,2.0722239017486572,2.0722239017486572,7.87062406539917,0.2632858442392854
64q4kv,prefill,16384,8,two_stage,identical,128,ok,sgl_fa3,3.583456039428711,2.0722239017486572,2.0722239017486572,10.503328323364258,0.19729211902660163
64q4kv,prefill,16384,8,two_stage,reduced,64,ok,sgl_fa3,3.583456039428711,2.0722239017486572,2.0722239017486572,6.927872180938721,0.2991140493974692
64q4kv,prefill,16384,8,two_stage,reduced,128,ok,sgl_fa3,3.583456039428711,2.0722239017486572,2.0722239017486572,8.983200073242188,0.23067769668417915
64q4kv,prefill,16384,32,two_stage,identical,64,ok,sgl_fa3,3.7495040893554688,2.1131839752197266,2.1131839752197266,8.003423690795898,0.26403500012749936
64q4kv,prefill,16384,32,two_stage,identical,128,ok,sgl_fa3,3.7495040893554688,2.1131839752197266,2.1131839752197266,10.644384384155273,0.19852571073676295
64q4kv,prefill,16384,32,two_stage,reduced,64,ok,sgl_fa3,3.7495040893554688,2.1131839752197266,2.1131839752197266,6.955071926116943,0.3038335185700271
64q4kv,prefill,16384,32,two_stage,reduced,128,ok,sgl_fa3,3.7495040893554688,2.1131839752197266,2.1131839752197266,9.10863971710205,0.23199775607021642
64q4kv,prefill,65536,1,two_stage,identical,64,ok,sgl_fa3,12.951359748840332,7.167679786682129,7.167679786682129,8.319295883178711,0.8615728887795535
64q4kv,prefill,65536,1,two_stage,identical,128,ok,sgl_fa3,12.951359748840332,7.167679786682129,7.167679786682129,11.068832397460938,0.647555182814613
64q4kv,prefill,65536,1,two_stage,reduced,64,ok,sgl_fa3,12.951359748840332,7.167679786682129,7.167679786682129,7.2624640464782715,0.9869487464324033
64q4kv,prefill,65536,1,two_stage,reduced,128,ok,sgl_fa3,12.951359748840332,7.167679786682129,7.167679786682129,9.20035171508789,0.7790658453771575
64q4kv,prefill,65536,8,two_stage,identical,64,ok,sgl_fa3,13.36400032043457,7.725247859954834,7.725247859954834,8.369471549987793,0.9230269574147846
64q4kv,prefill,65536,8,two_stage,identical,128,ok,sgl_fa3,13.36400032043457,7.725247859954834,7.725247859954834,11.492639541625977,0.6721909124508979
64q4kv,prefill,65536,8,two_stage,reduced,64,ok,sgl_fa3,13.36400032043457,7.725247859954834,7.725247859954834,7.281792163848877,1.060899252014845
64q4kv,prefill,65536,8,two_stage,reduced,128,ok,sgl_fa3,13.36400032043457,7.725247859954834,7.725247859954834,9.336416244506836,0.8274318172671503
64q4kv,prefill,65536,32,two_stage,identical,64,ok,sgl_fa3,13.41379165649414,7.815807819366455,7.815807819366455,8.954719543457031,0.87281436134728
64q4kv,prefill,65536,32,two_stage,identical,128,ok,sgl_fa3,13.41379165649414,7.815807819366455,7.815807819366455,12.698880195617676,0.615472206916611
64q4kv,prefill,65536,32,two_stage,reduced,64,ok,sgl_fa3,13.41379165649414,7.815807819366455,7.815807819366455,7.418848037719727,1.0535069298668016
64q4kv,prefill,65536,32,two_stage,reduced,128,ok,sgl_fa3,13.41379165649414,7.815807819366455,7.815807819366455,9.850367546081543,0.7934534201696432
64q4kv,prefill,131072,1,two_stage,identical,64,ok,sgl_fa3,25.64575958251953,14.085984230041504,14.085984230041504,8.432160377502441,1.6705071534957798
64q4kv,prefill,131072,1,two_stage,identical,128,ok,sgl_fa3,25.64575958251953,14.085984230041504,14.085984230041504,11.454719543457031,1.2297100925607085
64q4kv,prefill,131072,1,two_stage,reduced,64,ok,sgl_fa3,25.64575958251953,14.085984230041504,14.085984230041504,7.321119785308838,1.9240204563115604
64q4kv,prefill,131072,1,two_stage,reduced,128,ok,sgl_fa3,25.64575958251953,14.085984230041504,14.085984230041504,9.274144172668457,1.5188446467711674
64q4kv,prefill,131072,8,two_stage,identical,64,ok,sgl_fa3,25.911104202270508,14.503680229187012,14.503680229187012,8.57862377166748,1.6906768049542102
64q4kv,prefill,131072,8,two_stage,identical,128,ok,sgl_fa3,25.911104202270508,14.503680229187012,14.503680229187012,12.09779167175293,1.198870060149207
64q4kv,prefill,131072,8,two_stage,reduced,64,ok,sgl_fa3,25.911104202270508,14.503680229187012,14.503680229187012,7.393407821655273,1.9617043424421643
64q4kv,prefill,131072,8,two_stage,reduced,128,ok,sgl_fa3,25.911104202270508,14.503680229187012,14.503680229187012,9.470815658569336,1.5314077215792776
64q4kv,prefill,131072,32,two_stage,identical,64,ok,sgl_fa3,26.30124855041504,14.996064186096191,14.996064186096191,9.580991744995117,1.5651891354493421
64q4kv,prefill,131072,32,two_stage,identical,128,ok,sgl_fa3,26.30124855041504,14.996064186096191,14.996064186096191,13.601344108581543,1.1025428124147432
64q4kv,prefill,131072,32,two_stage,reduced,64,ok,sgl_fa3,26.30124855041504,14.996064186096191,14.996064186096191,7.531424045562744,1.9911326324709278
64q4kv,prefill,131072,32,two_stage,reduced,128,ok,sgl_fa3,26.30124855041504,14.996064186096191,14.996064186096191,10.364383697509766,1.4468843130247362
64q4kv,prefill,524288,1,two_stage,identical,64,ok,sgl_fa3,101.91398620605469,56.63817596435547,56.63817596435547,9.179776191711426,6.169886365584276
64q4kv,prefill,524288,1,two_stage,identical,128,ok,sgl_fa3,101.91398620605469,56.63817596435547,56.63817596435547,12.965375900268555,4.368417576167793
64q4kv,prefill,524288,1,two_stage,reduced,64,ok,sgl_fa3,101.91398620605469,56.63817596435547,56.63817596435547,7.610144138336182,7.4424577162789936
64q4kv,prefill,524288,1,two_stage,reduced,128,ok,sgl_fa3,101.91398620605469,56.63817596435547,56.63817596435547,9.641983985900879,5.874120517849377
64q4kv,prefill,524288,8,two_stage,identical,64,ok,sgl_fa3,102.5633316040039,57.51340866088867,57.51340866088867,9.960127830505371,5.774364510136059
64q4kv,prefill,524288,8,two_stage,identical,128,ok,sgl_fa3,102.5633316040039,57.51340866088867,57.51340866088867,14.21667194366455,4.045490315088735
64q4kv,prefill,524288,8,two_stage,reduced,64,ok,sgl_fa3,102.5633316040039,57.51340866088867,57.51340866088867,7.737152099609375,7.4334080447755895
64q4kv,prefill,524288,8,two_stage,reduced,128,ok,sgl_fa3,102.5633316040039,57.51340866088867,57.51340866088867,10.467583656311035,5.494430285848552
64q4kv,prefill,524288,32,two_stage,identical,64,ok,sgl_fa3,105.11968231201172,59.471839904785156,59.471839904785156,10.861056327819824,5.475695743557859
64q4kv,prefill,524288,32,two_stage,identical,128,ok,sgl_fa3,105.11968231201172,59.471839904785156,59.471839904785156,15.420000076293945,3.856798937129361
64q4kv,prefill,524288,32,two_stage,reduced,64,ok,sgl_fa3,105.11968231201172,59.471839904785156,59.471839904785156,8.138463973999023,7.307501771192616
64q4kv,prefill,524288,32,two_stage,reduced,128,ok,sgl_fa3,105.11968231201172,59.471839904785156,59.471839904785156,11.383008003234863,5.2246154872142965
64q4kv,prefill,1048576,1,two_stage,identical,64,ok,sgl_fa3,205.25926208496094,113.04550170898438,113.04550170898438,10.017184257507324,11.285157465708295
64q4kv,prefill,1048576,1,two_stage,identical,128,ok,sgl_fa3,205.25926208496094,113.04550170898438,113.04550170898438,14.320608139038086,7.893903709355854
64q4kv,prefill,1048576,1,two_stage,reduced,64,ok,sgl_fa3,205.25926208496094,113.04550170898438,113.04550170898438,7.924287796020508,14.265698649379521
64q4kv,prefill,1048576,1,two_stage,reduced,128,ok,sgl_fa3,205.25926208496094,113.04550170898438,113.04550170898438,10.149760246276855,11.137750938545748
64q4kv,prefill,1048576,8,two_stage,identical,64,ok,sgl_fa3,206.53363037109375,115.40982055664062,115.40982055664062,10.92467212677002,10.564145012081255
64q4kv,prefill,1048576,8,two_stage,identical,128,ok,sgl_fa3,206.53363037109375,115.40982055664062,115.40982055664062,15.531519889831543,7.430684271421448
64q4kv,prefill,1048576,8,two_stage,reduced,64,ok,sgl_fa3,206.53363037109375,115.40982055664062,115.40982055664062,8.13599967956543,14.185081748037266
64q4kv,prefill,1048576,8,two_stage,reduced,128,ok,sgl_fa3,206.53363037109375,115.40982055664062,115.40982055664062,11.169376373291016,10.332700474899974
64q4kv,prefill,1048576,32,two_stage,identical,64,ok,sgl_fa3,212.52085876464844,118.82723236083984,118.82723236083984,11.556096076965332,10.282644897501083
64q4kv,prefill,1048576,32,two_stage,identical,128,ok,sgl_fa3,212.52085876464844,118.82723236083984,118.82723236083984,16.391647338867188,7.249255056816754
64q4kv,prefill,1048576,32,two_stage,reduced,64,ok,sgl_fa3,212.52085876464844,118.82723236083984,118.82723236083984,8.574560165405273,13.8581140103556
64q4kv,prefill,1048576,32,two_stage,reduced,128,ok,sgl_fa3,212.52085876464844,118.82723236083984,118.82723236083984,11.879167556762695,10.002993205798553
64q4kv,decode,16384,1,two_stage,identical,64,ok,sgl_fa3,0.09750399738550186,0.09334400296211243,0.09334400296211243,0.22358399629592896,0.4174896437514479
64q4kv,decode,16384,1,two_stage,identical,128,ok,sgl_fa3,0.09750399738550186,0.09334400296211243,0.09334400296211243,0.22448000311851501,0.4158232433417739
64q4kv,decode,16384,1,two_stage,reduced,64,ok,sgl_fa3,0.09750399738550186,0.09334400296211243,0.09334400296211243,0.20255999267101288,0.46082151628883977
64q4kv,decode,16384,1,two_stage,reduced,128,ok,sgl_fa3,0.09750399738550186,0.09334400296211243,0.09334400296211243,0.20608000457286835,0.45295031488174625
64q4kv,decode,16384,8,two_stage,identical,64,ok,sgl_fa3,0.14630399644374847,0.1456640064716339,0.1456640064716339,0.2810240089893341,0.5183329602175107
64q4kv,decode,16384,8,two_stage,identical,128,ok,sgl_fa3,0.14630399644374847,0.1456640064716339,0.1456640064716339,0.3094399869441986,0.47073427035110865
64q4kv,decode,16384,8,two_stage,reduced,64,ok,sgl_fa3,0.14630399644374847,0.1456640064716339,0.1456640064716339,0.26796799898147583,0.5435873202221562
64q4kv,decode,16384,8,two_stage,reduced,128,ok,sgl_fa3,0.14630399644374847,0.1456640064716339,0.1456640064716339,0.2844800055027008,0.5120360083452368
64q4kv,decode,16384,32,two_stage,identical,64,ok,sgl_fa3,0.33228799700737,0.32582399249076843,0.32582399249076843,0.38150399923324585,0.8540513157021049
64q4kv,decode,16384,32,two_stage,identical,128,ok,sgl_fa3,0.33228799700737,0.32582399249076843,0.32582399249076843,0.456928014755249,0.7130751058573073
64q4kv,decode,16384,32,two_stage,reduced,64,ok,sgl_fa3,0.33228799700737,0.32582399249076843,0.32582399249076843,0.34863999485969543,0.9345571285414086
64q4kv,decode,16384,32,two_stage,reduced,128,ok,sgl_fa3,0.33228799700737,0.32582399249076843,0.32582399249076843,0.3988800048828125,0.8168471432567614
64q4kv,decode,65536,1,two_stage,identical,64,ok,flashinfer_fa2,0.11532799899578094,0.11923199892044067,0.11532799899578094,0.22739200294017792,0.5071770225187793
64q4kv,decode,65536,1,two_stage,identical,128,ok,flashinfer_fa2,0.11532799899578094,0.11923199892044067,0.11532799899578094,0.24486400187015533,0.47098796930116427
64q4kv,decode,65536,1,two_stage,reduced,64,ok,flashinfer_fa2,0.11532799899578094,0.11923199892044067,0.11532799899578094,0.22166399657726288,0.5202829542757179
64q4kv,decode,65536,1,two_stage,reduced,128,ok,flashinfer_fa2,0.11532799899578094,0.11923199892044067,0.11532799899578094,0.22713600099086761,0.5077486549585678
64q4kv,decode,65536,8,two_stage,identical,64,ok,flashinfer_fa2,0.3245120048522949,0.3245120048522949,0.3245120048522949,0.28748801350593567,1.128784469637009
64q4kv,decode,65536,8,two_stage,identical,128,ok,flashinfer_fa2,0.3245120048522949,0.3245120048522949,0.3245120048522949,0.317440003156662,1.0222782309264997
64q4kv,decode,65536,8,two_stage,reduced,64,ok,flashinfer_fa2,0.3245120048522949,0.3245120048522949,0.3245120048522949,0.27987200021743774,1.1595015028304922
64q4kv,decode,65536,8,two_stage,reduced,128,ok,flashinfer_fa2,0.3245120048522949,0.3245120048522949,0.3245120048522949,0.2950400114059448,1.0998915140556975
64q4kv,decode,65536,32,two_stage,identical,64,ok,sgl_fa3,1.0544320344924927,1.0482560396194458,1.0482560396194458,0.3931199908256531,2.6665040295148525
64q4kv,decode,65536,32,two_stage,identical,128,ok,sgl_fa3,1.0544320344924927,1.0482560396194458,1.0482560396194458,0.47011199593544006,2.2298006617201946
64q4kv,decode,65536,32,two_stage,reduced,64,ok,sgl_fa3,1.0544320344924927,1.0482560396194458,1.0482560396194458,0.3686400055885315,2.8435764532552876
64q4kv,decode,65536,32,two_stage,reduced,128,ok,sgl_fa3,1.0544320344924927,1.0482560396194458,1.0482560396194458,0.43372800946235657,2.416851152681723
64q4kv,decode,131072,1,two_stage,identical,64,ok,flashinfer_fa2,0.14364799857139587,0.15136000514030457,0.14364799857139587,0.22809599339962006,0.6297699333969763
64q4kv,decode,131072,1,two_stage,identical,128,ok,flashinfer_fa2,0.14364799857139587,0.15136000514030457,0.14364799857139587,0.24422399699687958,0.5881813431021328
64q4kv,decode,131072,1,two_stage,reduced,64,ok,flashinfer_fa2,0.14364799857139587,0.15136000514030457,0.14364799857139587,0.22307200729846954,0.6439534942597946
64q4kv,decode,131072,1,two_stage,reduced,128,ok,flashinfer_fa2,0.14364799857139587,0.15136000514030457,0.14364799857139587,0.21328000724315643,0.6735183500234297
64q4kv,decode,131072,8,two_stage,identical,64,ok,sgl_fa3,0.5692480206489563,0.5651839971542358,0.5651839971542358,0.2873600125312805,1.9668150490935576
64q4kv,decode,131072,8,two_stage,identical,128,ok,sgl_fa3,0.5692480206489563,0.5651839971542358,0.5651839971542358,0.3195520043373108,1.7686761136933515
64q4kv,decode,131072,8,two_stage,reduced,64,ok,sgl_fa3,0.5692480206489563,0.5651839971542358,0.5651839971542358,0.2802880108356476,2.016440144796784
64q4kv,decode,131072,8,two_stage,reduced,128,ok,sgl_fa3,0.5692480206489563,0.5651839971542358,0.5651839971542358,0.29795199632644653,1.8968961581818053
64q4kv,decode,131072,32,two_stage,identical,64,ok,sgl_fa3,2.0106239318847656,2.0070080757141113,2.0070080757141113,0.3967359960079193,5.058800048166159
64q4kv,decode,131072,32,two_stage,identical,128,ok,sgl_fa3,2.0106239318847656,2.0070080757141113,2.0070080757141113,0.47763198614120483,4.201996796589684
64q4kv,decode,131072,32,two_stage,reduced,64,ok,sgl_fa3,2.0106239318847656,2.0070080757141113,2.0070080757141113,0.3733440041542053,5.375760835535316
64q4kv,decode,131072,32,two_stage,reduced,128,ok,sgl_fa3,2.0106239318847656,2.0070080757141113,2.0070080757141113,0.44329598546028137,4.527467293957563
64q4kv,decode,524288,1,two_stage,identical,64,ok,sgl_fa3,0.35977599024772644,0.3424000144004822,0.3424000144004822,0.22867199778556824,1.4973412473597214
64q4kv,decode,524288,1,two_stage,identical,128,ok,sgl_fa3,0.35977599024772644,0.3424000144004822,0.3424000144004822,0.24540799856185913,1.3952276063005933
64q4kv,decode,524288,1,two_stage,reduced,64,ok,sgl_fa3,0.35977599024772644,0.3424000144004822,0.3424000144004822,0.22838400304317474,1.499229411158685
64q4kv,decode,524288,1,two_stage,reduced,128,ok,sgl_fa3,0.35977599024772644,0.3424000144004822,0.3424000144004822,0.23216000199317932,1.4748449838940887
64q4kv,decode,524288,8,two_stage,identical,64,ok,sgl_fa3,2.004672050476074,2.000704050064087,2.000704050064087,0.2940160036087036,6.804745406739013
64q4kv,decode,524288,8,two_stage,identical,128,ok,sgl_fa3,2.004672050476074,2.000704050064087,2.000704050064087,0.32918399572372437,6.077768287809551
64q4kv,decode,524288,8,two_stage,reduced,64,ok,sgl_fa3,2.004672050476074,2.000704050064087,2.000704050064087,0.2906239926815033,6.884166828774771
64q4kv,decode,524288,8,two_stage,reduced,128,ok,sgl_fa3,2.004672050476074,2.000704050064087,2.000704050064087,0.31164801120758057,6.419755551500922
64q4kv,decode,524288,32,two_stage,identical,64,ok,flashinfer_fa2,7.781599998474121,7.819712162017822,7.781599998474121,0.41200000047683716,18.88737861521339
64q4kv,decode,524288,32,two_stage,identical,128,ok,flashinfer_fa2,7.781599998474121,7.819712162017822,7.781599998474121,0.5011839866638184,15.526433815799113
64q4kv,decode,524288,32,two_stage,reduced,64,ok,flashinfer_fa2,7.781599998474121,7.819712162017822,7.781599998474121,0.40012800693511963,19.447776370565084
64q4kv,decode,524288,32,two_stage,reduced,128,ok,flashinfer_fa2,7.781599998474121,7.819712162017822,7.781599998474121,0.4575999975204468,17.005244844054918
64q4kv,decode,1048576,1,two_stage,identical,64,ok,sgl_fa3,0.6338880062103271,0.6047359704971313,0.6047359704971313,0.2319359928369522,2.6073399091716323
64q4kv,decode,1048576,1,two_stage,identical,128,ok,sgl_fa3,0.6338880062103271,0.6047359704971313,0.6047359704971313,0.2468159943819046,2.45014903516102
64q4kv,decode,1048576,1,two_stage,reduced,64,ok,sgl_fa3,0.6338880062103271,0.6047359704971313,0.6047359704971313,0.23235200345516205,2.6026716426132723
64q4kv,decode,1048576,1,two_stage,reduced,128,ok,sgl_fa3,0.6338880062103271,0.6047359704971313,0.6047359704971313,0.23827199637889862,2.5380068983662016
64q4kv,decode,1048576,8,two_stage,identical,64,ok,sgl_fa3,3.920351982116699,3.9114561080932617,3.9114561080932617,0.29923200607299805,13.071650186842168
64q4kv,decode,1048576,8,two_stage,identical,128,ok,sgl_fa3,3.920351982116699,3.9114561080932617,3.9114561080932617,0.3410879969596863,11.467586496617654
64q4kv,decode,1048576,8,two_stage,reduced,64,ok,sgl_fa3,3.920351982116699,3.9114561080932617,3.9114561080932617,0.29708799719810486,13.16598497745776
64q4kv,decode,1048576,8,two_stage,reduced,128,ok,sgl_fa3,3.920351982116699,3.9114561080932617,3.9114561080932617,0.3230400085449219,12.108271435825372
64q4kv,decode,1048576,32,two_stage,identical,64,ok,flashinfer_fa2,15.505151748657227,15.586400032043457,15.505151748657227,0.43171200156211853,35.91549850954563
64q4kv,decode,1048576,32,two_stage,identical,128,ok,flashinfer_fa2,15.505151748657227,15.586400032043457,15.505151748657227,0.5435519814491272,28.52560983646861
64q4kv,decode,1048576,32,two_stage,reduced,64,ok,flashinfer_fa2,15.505151748657227,15.586400032043457,15.505151748657227,0.41788798570632935,37.10360737566997
64q4kv,decode,1048576,32,two_stage,reduced,128,ok,flashinfer_fa2,15.505151748657227,15.586400032043457,15.505151748657227,0.49641600251197815,31.2341900144186
